--Database Management System Project
--Topic Name:- e-Bay
--Data Insertion statements: 

--1)
INSERT INTO user_profile(email, user_password, first_name, last_name)
VALUES
('aarav1010@gmail.com', 'Patel@_123', 'Aarav', 'Patel'),
('kavya3532@gmail.com', 'Sharma@_675', 'Kavya', 'Sharma'),
('rohan2356@gmail.com', 'Gupta@_525', 'Rohan', 'Gupta'),
('ishaan5279@gmail.com', 'Singh@_432', 'Ishaan', 'Singh'),
('zara1278@gmail.com', 'Kumar@_909', 'Zara', 'Kumar'),
('veer4444@gmail.com', 'Shah@_556', 'Veer', 'Shah'),
('arya7901@gmail.com', 'Verma@_890', 'Arya', 'Verma'),
('yuvraj1483@gmail.com', 'Joshi@_780', 'Yuvraj', 'Joshi'),
('aadhya1485@gmail.com', 'Malhotra@_190', 'Aadhya', 'Malhotra'),
('vihaan1509@gmail.com', 'Agarwal@_522', 'Vihaan', 'Agarwal'),
('mehak1515@gmail.com', 'Sharma@_090', 'Mehak', 'Sharma'),
('nirav1503@gmail.com', 'Bose@_898', 'Nirav', 'Bose'),
('eshaan1897@gmail.com', 'Das@_321', 'Eshaan', 'Das'),
('aaradhya1484@gmail.com', 'Chopra@_378', 'Aaradhya', 'Chopra'),
('xavier1423@gmail.com', 'Rao@_666', 'Xavier', 'Rao'),
('zoya1440@gmail.com', 'Choudhury@_999', 'Zoya', 'Choudhury'),
('misha1444@gmail.com', 'Mukherjee@_322', 'Misha', 'Mukherjee'),
('aadit2786@gmail.com', 'Banerjee@_888', 'Aadit', 'Banerjee'),
('kiara3214@gmail.com', 'Dutta@_757', 'Kiara', 'Dutta'),
('nevaeh0000@gmail.com', 'Sengupta@_099', 'Nevaeh', 'Sengupta'),
('jayden4329@gmail.com', 'Bhat@_333', 'Jayden', 'Bhat'),
('kabir8795@gmail.com', 'Chakraborty@_668', 'Kabir', 'Chakraborty'),
('inaya1777@gmail.com', 'Mittal@_009', 'Inaya', 'Mittal'),
('rayan5555@gmail.com', 'Goswami@_101', 'Rayan', 'Goswami'),
('kaira7898@gmail.com', 'Rajput@_222', 'Kaira', 'Rajput'),
('ananya7893@gmail.com', 'Gupta@_777', 'Ananya', 'Gupta'),
('aarav5632@gmail.com', 'Sharma@_101', 'Aarav', 'Sharma'),
('ishaan4526@gmail.com', 'Verma@_444', 'Ishaan', 'Verma'),
('diya2365@gmail.com', 'Singh@_234', 'Diya', 'Singh'),
('ayusha1234@gmail.com', 'Patel@_555', 'Ayusha', 'Patel'),
('rohit4352@gmail.com', 'Kumar@_111', 'Rohit', 'Kumar'),
('shivangi2456@gmail.com', 'Jain@_789', 'Shivangi', 'Jain'),
('aakash6543@gmail.com', 'Malhotra@_444', 'Aakash', 'Malhotra'),
('tanvi8765@gmail.com', 'Gupta@_000', 'Tanvi', 'Gupta'),
('vivaan0987@gmail.com', 'Sharma@_999', 'Vivaan', 'Sharma'),
('sakshi1200@gmail.com', 'Kumar@_111', 'Sakshi', 'Kumar'),
('arjun4587@gmail.com', 'Verma@_333', 'Arjun', 'Verma'),
('jhanvi3452@gmail.com', 'Singh@_222', 'Jhanvi', 'Singh'),
('neha5678@gmail.com', 'Patel@_777', 'Neha', 'Patel'),
('ayush6542@gmail.com', 'Sharma@_111', 'Ayush', 'Sharma');

 
--2)
INSERT INTO "user" (user_id, email) 
VALUES
('ebay@70070','aarav1010@gmail.com'),
('ebay@10001', 'kavya3532@gmail.com'),
('ebay@10231','rohan2356@gmail.com'),
('ebay@16701','ishaan5279@gmail.com'),
('ebay@10056','zara1278@gmail.com'),
('ebay@68001','veer4444@gmail.com'),
('ebay@19801','arya7901@gmail.com'),
('ebay@10465','yuvraj1483@gmail.com'),
('ebay@90001','aadhya1485@gmail.com'),
('ebay@26781','vihaan1509@gmail.com'),
('ebay@10735','mehak1515@gmail.com'),
('ebay@10803','nirav1503@gmail.com'),
('ebay@12135','eshaan1897@gmail.com'),
('ebay@90754','aaradhya1484@gmail.com'),
('ebay@13216','xavier1423@gmail.com'),
('ebay@67894','zoya1440@gmail.com'),
('ebay@10999','misha1444@gmail.com'),
('ebay@13869','aadit2786@gmail.com'),
('ebay@67803','kiara3214@gmail.com'),
('ebay@32578','nevaeh0000@gmail.com'),
('ebay@19075','jayden4329@gmail.com'),
('ebay@12121','kabir8795@gmail.com'),
('ebay@90908','inaya1777@gmail.com'),
('ebay@16556','rayan5555@gmail.com'),
('ebay@19797','kaira7898@gmail.com'),
('ebay@45610', 'ananya7893@gmail.com'),
('ebay@56329', 'aarav5632@gmail.com'),
('ebay@45264', 'ishaan4526@gmail.com'),
('ebay@23657', 'diya2365@gmail.com'),
('ebay@12349', 'ayusha1234@gmail.com'),
('ebay@43523', 'rohit4352@gmail.com'),
('ebay@24568', 'shivangi2456@gmail.com'),
('ebay@65436', 'aakash6543@gmail.com'),
('ebay@87654', 'tanvi8765@gmail.com'),
('ebay@09872', 'vivaan0987@gmail.com'),
('ebay@12005', 'sakshi1200@gmail.com'),
('ebay@45878', 'arjun4587@gmail.com'),
('ebay@34525', 'jhanvi3452@gmail.com'),
('ebay@56782', 'neha5678@gmail.com'),
('ebay@65429', 'ayush6542@gmail.com');
 
--3)
INSERT INTO buyer(user_id) 
VALUES
('ebay@70070'),
('ebay@10001'),
('ebay@10231'),
('ebay@16701'),
('ebay@10056'),
('ebay@68001'),
('ebay@19801'),
('ebay@10465'),
('ebay@90001'),
('ebay@26781'),
('ebay@10735'),
('ebay@10803'),
('ebay@12135'),
('ebay@90754'),
('ebay@13216'),
('ebay@45610'),
('ebay@56329'),
('ebay@45264'),
('ebay@23657'),
('ebay@12349'),
('ebay@43523'),
('ebay@24568'),
('ebay@65436'),
('ebay@87654'),
('ebay@09872');
 
--4)
INSERT INTO bank_details(account_number,balance)
VALUES
('4829173650',57234.00),
('7592084613',85619.00),
('1036857249',43275.50),
('5689123470',70982.00),
('2940785163',31546.00),
('8374612950',89973.50),
('6152938740',64781.00),
('9462785301',94125.50),
('2085749361',52437.00),
('7261983450',38692.00),
('5392018746',27893.00),
('6819352074',50368.00),
('3748961520',76042.00),
('8296350417',61897.50),
('4567082193',43209.00),
('4829173651', 26579.00),
('7592084614', 48380.00),
('1036857250', 59722.00),
('5689123471', 31563.00),
('2940785164', 70215.00),
('8374612951', 49833.00),
('6152938741', 76346.00),
('9462785302', 43128.00),
('2085749362', 37926.00),
('7261983451', 62790.00);
 
--5)
INSERT INTO seller(user_id,account_number,item_sold,avg_rating)
values
('ebay@10735','4829173650',12,4.6),
('ebay@10803','7592084613',2,4.1),
('ebay@12135','1036857249',89,4.7),
('ebay@90754','5689123470',11,3.9),
('ebay@13216','2940785163',7,3.2),
('ebay@67894','8374612950',15,3.9),
('ebay@10999','6152938740',90,4.9),
('ebay@13869','9462785301',5,2.8),
('ebay@67803','2085749361',1,2.0),
('ebay@32578','7261983450',8,4.1),
('ebay@19075','5392018746',66,4.6),
('ebay@12121','6819352074',12,3.3),
('ebay@90908','3748961520',9,3.9),
('ebay@16556','8296350417',0,3.0),
('ebay@19797','4567082193',4,2.5),
('ebay@43523','4829173651',6,3.3),
('ebay@24568','7592084614',2,2.7),
('ebay@65436','1036857250',13,4.5),
('ebay@87654','5689123471',11,4.1),
('ebay@09872','2940785164',10,4.6),
('ebay@12005','8374612951',3,2.2),
('ebay@45878','6152938741',7,2.5),
('ebay@34525','9462785302',15,3.3),
('ebay@56782','2085749362',19,2.1),
('ebay@65429','7261983451',9,4.4);
 
--6)
INSERT INTO category (cat_name)
VALUES 
    ('Electronics'),
    ('Books and Education'),
    ('Home , furniture and decor'),
    ('Sports and fitness'),
    ('Bags and luggage'),
    ('musical instruments'),
    ('Mens fashion'),
    ('Womens fashion'),
    ('kids'),
    ('Footwear'),
    ('Eyewear');
 
--7)
INSERT INTO sub_category (sub_cat_name)
VALUES 
	('Mobile Phone and Accessories'),
	('Television'),
	('Home Appliances'),
	('Headphones'),
    ('Laptops'),
	('Smart Watches'),
    ('Kitchen Appliances'),
	('Video Games'),
	----------------------
	('Self help'),
	('Academic'),
	('Healthly Living and Wellness'),
	('Nowels and Comics'),
	('Philosophy'),
	('Religion'),
	('Economics Business'),
	('Fiction'),
	--------
	('Wallpapers'),
	('Clock'),
	('Flowers and Vases'),
	('Photo Frames and Painting'),
	('Diyas and Candels'),
	('Beds'),
	('Bedsheets'),
	('Furniture'),
	('Home Decor'),
	('Dinning Sets'),
	('Sofa'),
	('Lamp'),
	('Pillows'),
	----------------
	('Fitness and Sports'),
	('Sports Shoes'),
	----------------
	('Bagpacks'),
	('Suitcases'),
	('Wallet'),
	----------
	('Drums'),
	('Bongos'),
	('Dholaks'),
	('Tabla'),
	('Ghungroos'),
	('Guitar'),
	('Accessories'),
	-------------
	('Mens Shirt'),
	('Mens T-Shirt'),
	('Mens Jeans'),
	('Mens Jacket'),
	('Mens Sports Wear'),
	('Mens Trousers'),
	('Mens Inner wear'),
	('Mens Accessories'),
	--------------
	('Womens Shirt'),
	('Womens T-Shirt'),
	('Womens Jeans'),
	('Womens Jacket'),
	('Womens Shorts'),
	('Womens Kurtas'),
	('Womens Tops'),
	('Womens Dresses'),
	('Womens Saree'),
	('Womens Sports Wear'),
	('Womens Inner wear'),
	('Womens Accessories'),
	----------------
	('Toys and Games'),
	('Kids Shirt'),
	('Kids T-Shirt'),
	('Kids Jeans'),
	('Kids Jacket'),
	('Kids Shorts'),
	('Kids Cap'),
	-----------------
	('Mens Footwear'),
	('Womens Footwear'),
	('Kids Footwear'),
	-------------
	('sunglasses'),
	('Reading glasses'),
	('Computer glasses'),
	('Safety glasses'),
	('Fashion glasses'),
	('Sports glasses');
 
--8)
INSERT INTO category_has_subcategory (cat_name, sub_cat_name)
VALUES 
    ('Electronics','Mobile Phone and Accessories'),
	('Electronics','Television'),
	('Electronics','Home Appliances'),
	('Electronics','Headphones'),
    ('Electronics','Laptops'),
	('Electronics','Smart Watches'),
    ('Electronics','Kitchen Appliances'),
	('Electronics','Video Games'),
	------------------------------
	('Books and Education','Self help'),
	('Books and Education','Academic'),
	('Books and Education','Healthly Living and Wellness'),
	('Books and Education','Nowels and Comics'),
	('Books and Education','Philosophy'),
	('Books and Education','Religion'),
	('Books and Education','Economics Business'),
	('Books and Education','Fiction'),
	------------------------------------
	('Home , furniture and decor','Wallpapers'),
	('Home , furniture and decor','Clock'),
	('Home , furniture and decor','Flowers and Vases'),
	('Home , furniture and decor','Photo Frames and Painting'),
	('Home , furniture and decor','Diyas and Candels'),
	('Home , furniture and decor','Beds'),
	('Home , furniture and decor','Bedsheets'),
	('Home , furniture and decor','Furniture'),
	('Home , furniture and decor','Home Decor'),
	('Home , furniture and decor','Dinning Sets'),
	('Home , furniture and decor','Sofa'),
	('Home , furniture and decor','Lamp'),
	('Home , furniture and decor','Pillows'),
	----------------------
	('Sports and fitness','Fitness and Sports'),
	('Sports and fitness','Sports Shoes'),
	('Sports and fitness', 'Sports glasses'),
	('Sports and fitness', 'Womens Sports Wear'),
	('Sports and fitness','Mens Sports Wear'),
	---------------------
	('Bags and luggage','Bagpacks'),
	('Bags and luggage','Suitcases'),
	('Bags and luggage','Wallet'),
	---------------------
	('musical instruments','Drums'),
	('musical instruments','Bongos'),
	('musical instruments','Dholaks'),
	('musical instruments','Tabla'),
	('musical instruments','Ghungroos'),
	('musical instruments','Guitar'),
	('musical instruments','Accessories'),
	--------------------------------
	('Mens fashion','Mens Shirt'),
	('Mens fashion','Mens T-Shirt'),
	('Mens fashion','Mens Jeans'),
	('Mens fashion','Mens Jacket'),
	('Mens fashion','Mens Sports Wear'),
	('Mens fashion','Mens Trousers'),
	('Mens fashion','Mens Inner wear'),
	('Mens fashion','Mens Footwear'),
	('Mens fashion','Mens Accessories'),
	-------------------------------
	('Womens fashion', 'Womens Shirt'),
	('Womens fashion', 'Womens T-Shirt'),
	('Womens fashion', 'Womens Jeans'),
	('Womens fashion', 'Womens Jacket'),
	('Womens fashion', 'Womens Shorts'),
	('Womens fashion', 'Womens Kurtas'),
	('Womens fashion', 'Womens Tops'),
	('Womens fashion', 'Womens Dresses'),
	('Womens fashion', 'Womens Saree'),
	('Womens fashion', 'Womens Sports Wear'),
	('Womens fashion', 'Womens Inner wear'),
	('Womens fashion','Womens Footwear'),
	('Womens fashion', 'Womens Accessories'),
	------------------
	('kids', 'Toys and Games'),
	('kids', 'Kids Shirt'),
	('kids', 'Kids T-Shirt'),
	('kids', 'Kids Jeans'),
	('kids', 'Kids Jacket'),
	('kids', 'Kids Shorts'),
	('kids', 'Kids Cap'),
	('kids','Kids Footwear'),
	--------------------------
	('Footwear','Mens Footwear'),
	('Footwear','Womens Footwear'),
	('Footwear','Kids Footwear'),
	('Footwear','Sports Shoes'),
	-----------------------
	('Eyewear', 'sunglasses'),
	('Eyewear', 'Reading glasses'),
	('Eyewear', 'Computer glasses'),
	('Eyewear', 'Safety glasses'),
	('Eyewear', 'Fashion glasses'),
	('Eyewear', 'Sports glasses');
 
--9)
INSERT INTO has_category (cat_name, product_id)
VALUES 

----  Electronics
    ('Electronics','item@12345'),
    ('Electronics','item@23456'),
    ('Electronics','item@34567'),
    ('Electronics','item@10305'),
    ('Electronics','item@20406'),
    ('Electronics','item@30507'),
    ('Electronics','item@40608'),
    ('Electronics','item@50709'),
    ('Electronics','item@60800'),
    ('Electronics','item@70901'),
    ('Electronics','item@45678'),
    ('Electronics','item@56789'),
    ('Electronics','item@80002'),
    ('Electronics','item@90103'),
    ('Electronics','item@00204'),
    ('Electronics','item@10340'),
    ('Electronics','item@29450'),
    ('Electronics','item@39507'),
    ('Electronics','item@67890'),
    ('Electronics','item@78901'),
    ('Electronics','item@45070'),
    ('Electronics','item@56080'),
    ('Electronics','item@67090'),
    ('Electronics','item@78000'),
    ('Electronics','item@89010'),
    ('Electronics','item@90020'),
    ('Electronics','item@89012'),
    ('Electronics','item@90123'),
    ('Electronics','item@01230'),
    ('Electronics','item@02340'),
    ('Electronics','item@03450'),
    ('Electronics','item@04560'),
    ('Electronics','item@05670'),
    ('Electronics','item@06780'),
    ('Electronics','item@01234'),
    ('Electronics','item@09876'),
    ('Electronics','item@07890'),
    ('Electronics','item@08900'),
    ('Electronics','item@09010'),
    ('Electronics','item@90120'),
    ('Electronics','item@01030'),
    ('Electronics','item@00340'),
    ('Electronics','item@98765'),
    ('Electronics','item@87654'),
    ('Electronics','item@20456'),
    ('Electronics','item@30567'),
    ('Electronics','item@40678'),
    ('Electronics','item@50789'),
    ('Electronics','item@60890'),
    ('Electronics','item@70900'),
    ('Electronics','item@76543'),
    ('Electronics','item@65432'),
    ('Electronics','item@09012'),
    ('Electronics','item@90100'),
    ('Electronics','item@01204'),
    ('Electronics','item@10390'),
    ('Electronics','item@20006'),
    ('Electronics','item@04060'),
    ('Electronics','item@54321'),
    ('Electronics','item@43210'),
    ('Electronics','item@48608'),
    ('Electronics','item@58788'),
    ('Electronics','item@87898'),
    ('Electronics','item@78707'),
    ('Electronics','item@79017'),
    ('Electronics','item@61626'),
    ('Electronics','item@88811'),
    ('Electronics','item@99922'),

---- Books and Education
    ('Books and Education','item@11111'),
    ('Books and Education','item@22222'),
    ('Books and Education','item@62646'),
    ('Books and Education','item@63656'),
    ('Books and Education','item@63667'),
    ('Books and Education','item@65686'),
    ('Books and Education','item@66786'),
    ('Books and Education','item@33333'),
    ('Books and Education','item@44444'),
    ('Books and Education','item@55555'),
    ('Books and Education','item@66666'),
    ('Books and Education','item@77777'),
    ('Books and Education','item@88888'),
    ('Books and Education','item@99999'),
    ('Books and Education','item@00001'),
    ('Books and Education','item@00011'),
    ('Books and Education','item@11122'),
    ('Books and Education','item@22233'),
    ('Books and Education','item@33344'),
    ('Books and Education','item@44455'),
    ('Books and Education','item@55566'),

---- Home , furniture and decor
    ('Home , furniture and decor','item@66677'),
    ('Home , furniture and decor','item@77788'),
    ('Home , furniture and decor','item@88899'),
    ('Home , furniture and decor','item@99900'),
    ('Home , furniture and decor','item@00022'),
    ('Home , furniture and decor','item@11133'),
    ('Home , furniture and decor','item@22244'),
    ('Home , furniture and decor','item@33355'),
    ('Home , furniture and decor','item@44466'),
    ('Home , furniture and decor','item@55577'),
    ('Home , furniture and decor','item@66688'),
    ('Home , furniture and decor','item@77799'),
    ('Home , furniture and decor','item@88800'),
    ('Home , furniture and decor','item@99911'),
    ('Home , furniture and decor','item@00033'),
    ('Home , furniture and decor','item@11144'),
    ('Home , furniture and decor','item@22255'),
    ('Home , furniture and decor','item@33366'),
    ('Home , furniture and decor','item@44477'),
    ('Home , furniture and decor','item@55588'),
    ('Home , furniture and decor','item@66699'),
    ('Home , furniture and decor','item@77700'),
    ('Home , furniture and decor','item@88811'),
    ('Home , furniture and decor','item@99922'),
    ('Home , furniture and decor','item@00044'),
    ('Home , furniture and decor','item@11155'),

---- Sports and fitness 
    ('Sports and fitness','item@22266'),
    ('Sports and fitness','item@33377'),
    ('Sports and fitness','item@44488'),
    ('Sports and fitness','item@55599'),

---- Bags and luggage
	('Bags and luggage','item@66600'),
	('Bags and luggage','item@77711'),
	('Bags and luggage','item@88822'),
	('Bags and luggage','item@99933'),
	('Bags and luggage','item@00055'),
	('Bags and luggage','item@11166'),

---- musical instruments
	('musical instruments','item@22277'),
	('musical instruments','item@33388'),
	('musical instruments','item@44499'),
	('musical instruments','item@55500'),
	('musical instruments','item@66611'),
	('musical instruments','item@77722'),
	('musical instruments','item@88833'),
	('musical instruments','item@99944'),
	('musical instruments','item@00066'),
	('musical instruments','item@11177'),
	('musical instruments','item@22288'),
	('musical instruments','item@33399'),
	('musical instruments','item@44400'),
	('musical instruments','item@55511'),

---- Mens fashion
	('Mens fashion','item@77733'),
	('Mens fashion','item@88844'),
	('Mens fashion','item@99955'),
	('Mens fashion','item@00077'),
	('Mens fashion','item@11188'),
	('Mens fashion','item@22299'),
	('Mens fashion','item@44422'),
	('Mens fashion','item@55533'),
	('Mens fashion','item@66644'),
	('Mens fashion','item@77755'),
	('Mens fashion','item@88866'),
	('Mens fashion','item@99977'),
	('Mens fashion','item@00088'),
	('Mens fashion','item@11199'),
	('Mens fashion','item@50522'),
	('Mens fashion','item@16162'),
	('Mens fashion','item@40407'),
	('Mens fashion','item@50508'),
	('Mens fashion','item@07608'),
	('Mens fashion','item@07090'),

---- Womens fashion
	('Womens fashion','item@22211'),
	('Womens fashion','item@33322'),
	('Womens fashion','item@44433'),
	('Womens fashion','item@55544'),
	('Womens fashion','item@66655'),
	('Womens fashion','item@77766'),
	('Womens fashion','item@88877'),
	('Womens fashion','item@99988'),
	('Womens fashion','item@00099'),
	('Womens fashion','item@11100'),
	('Womens fashion','item@20002'),
	('Womens fashion','item@30003'),
	('Womens fashion','item@40004'),
	('Womens fashion','item@50005'),
	('Womens fashion','item@60006'),
	('Womens fashion','item@70007'),
	('Womens fashion','item@80008'),
	('Womens fashion','item@90009'),
	('Womens fashion','item@00000'),
	('Womens fashion','item@10001'),
	('Womens fashion','item@20202'),
	('Womens fashion','item@30303'),
	('Womens fashion','item@44044'),
	('Womens fashion','item@50505'),
	('Womens fashion','item@62940'),
	('Womens fashion','item@63753'),
	('Womens fashion','item@40407'),
	('Womens fashion','item@50508'),
	('Womens fashion','item@07608'),
	('Womens fashion','item@07090'),

---- kids
	('kids','item@66066'),
	('kids','item@70707'),
	('kids','item@80808'),
	('kids','item@99990'),
	('kids','item@90711'),
	('kids','item@01022'),
	('kids','item@24263'),
	('kids','item@31340'),
	('kids','item@04050'),
	('kids','item@05066'),
	('kids','item@06897'),
	('kids','item@67888'),
	('kids','item@68490'),
	('kids','item@59809'),
	('kids','item@04563'),
	('kids','item@05507'),

---- Footwear
	('Footwear','item@50522'),
	('Footwear','item@16162'),
	('Footwear','item@62940'),
	('Footwear','item@63753'),
	('Footwear','item@04563'),
	('Footwear','item@05507'),

---- Eyewear
	('Eyewear','item@07608'),
	('Eyewear','item@07090'),
	('Eyewear','item@08000'),
	('Eyewear','item@08991'),
	('Eyewear','item@09093'),
	('Eyewear','item@18142'),
	('Eyewear','item@02152'),
	('Eyewear','item@90326'),
	('Eyewear','item@40407'),
	('Eyewear','item@50508'),
	('Eyewear','item@69690'),
	('Eyewear','item@78730');
 
--10)
INSERT INTO has_subcategory (sub_cat_name, product_id)
VALUES 

-- Mobile Phone and Accessories
('Mobile Phone and Accessories','item@12345'),
('Mobile Phone and Accessories','item@23456'),
('Mobile Phone and Accessories','item@34567'),
('Mobile Phone and Accessories','item@10305'),
('Mobile Phone and Accessories','item@20406'),
('Mobile Phone and Accessories','item@30507'),
('Mobile Phone and Accessories','item@40608'),
('Mobile Phone and Accessories','item@50709'),
('Mobile Phone and Accessories','item@60800'),
('Mobile Phone and Accessories','item@70901'),

-- Television
('Television','item@45678'),
('Television','item@56789'),
('Television','item@80002'),
('Television','item@90103'),
('Television','item@00204'),
('Television','item@10340'),
('Television','item@29450'),
('Television','item@39507'),


-- Home Appliances
('Home Appliances','item@67890'),
('Home Appliances','item@78901'),
('Home Appliances','item@45070'),
('Home Appliances','item@56080'),
('Home Appliances','item@67090'),
('Home Appliances','item@78000'),
('Home Appliances','item@89010'),
('Home Appliances','item@90020'),

-- Headphones
('Headphones','item@89012'),
('Headphones','item@90123'),
('Headphones','item@01230'),
('Headphones','item@02340'),
('Headphones','item@03450'),
('Headphones','item@04560'),
('Headphones','item@05670'),
('Headphones','item@06780'),

-- Laptops
('Laptops','item@01234'),
('Laptops','item@09876'),
('Laptops','item@07890'),
('Laptops','item@08900'),
('Laptops','item@09010'),
('Laptops','item@90120'),
('Laptops','item@01030'),
('Laptops','item@00340'),

-- Smart Watches
('Smart Watches','item@98765'),
('Smart Watches','item@87654'),
('Smart Watches','item@20456'),
('Smart Watches','item@30567'),
('Smart Watches','item@40678'),
('Smart Watches','item@50789'),
('Smart Watches','item@60890'),
('Smart Watches','item@70900'),

-- Kitchen Appliances
('Kitchen Appliances','item@76543'),
('Kitchen Appliances','item@65432'),
('Kitchen Appliances','item@09012'),
('Kitchen Appliances','item@90100'),
('Kitchen Appliances','item@01204'),
('Kitchen Appliances','item@10390'),
('Kitchen Appliances','item@20006'),
('Kitchen Appliances','item@04060'),


-- Video Games
('Video Games','item@54321'),
('Video Games','item@43210'),
('Video Games','item@48608'),
('Video Games','item@58788'),
('Video Games','item@87898'),
('Video Games','item@78707'),
('Video Games','item@79017'),
('Video Games','item@61626'),

-- Self help
('Self help','item@11111'),
('Self help','item@22222'),
('Self help','item@62646'),
('Self help','item@63656'),
('Self help','item@63667'),
('Self help','item@65686'),
('Self help','item@66786'),

-- Academic
('Academic','item@33333'),
('Academic','item@44444'),

-- Healthly Living and Wellness
('Healthly Living and Wellness','item@55555'),
('Healthly Living and Wellness','item@66666'),

-- Novels and Comics
('Nowels and Comics','item@77777'),
('Nowels and Comics','item@88888'),

-- Philosophy
('Philosophy','item@99999'),
('Philosophy','item@00001'),

-- Religion
('Religion','item@00011'),
('Religion','item@11122'),

-- Economics Business
('Economics Business','item@22233'),
('Economics Business','item@33344'),

-- Fiction
('Fiction','item@44455'),
('Fiction','item@55566'),

-- Wallpapers
('Wallpapers','item@66677'),
('Wallpapers','item@77788'),

-- Clock
('Clock','item@88899'),
('Clock','item@99900'),

-- Flowers and Vases
('Flowers and Vases','item@00022'),
('Flowers and Vases','item@11133'),

-- Photo Frames and Painting
('Photo Frames and Painting','item@22244'),
('Photo Frames and Painting','item@33355'),

-- Diyas and Candles
('Diyas and Candels','item@44466'),
('Diyas and Candels','item@55577'),

-- Beds
('Beds','item@66688'),
('Beds','item@77799'),

-- Bedsheets
('Bedsheets','item@88800'),
('Bedsheets','item@99911'),

-- Furniture
('Furniture','item@00033'),
('Furniture','item@11144'),

-- Home Decor
('Home Decor','item@22255'),
('Home Decor','item@33366'),

-- Dining Sets
('Dinning Sets','item@44477'),
('Dinning Sets','item@55588'),

-- Sofa
('Sofa','item@66699'),
('Sofa','item@77700'),

-- Lamp
('Lamp','item@88811'),
('Lamp','item@99922'),

-- Pillows
('Pillows','item@00044'),
('Pillows','item@11155'),

-- Fitness and Sports
('Fitness and Sports','item@22266'),
('Fitness and Sports','item@33377'),

-- Sports Shoes
('Sports Shoes','item@44488'),
('Sports Shoes','item@55599'),

-- Backpacks
('Bagpacks','item@66600'),
('Bagpacks','item@77711'),

-- Suitcases
('Suitcases','item@88822'),
('Suitcases','item@99933'),

-- Wallets
('Wallet','item@00055'),
('Wallet','item@11166'),

-- Drums
('Drums','item@22277'),
('Drums','item@33388'),

-- Bongos
('Bongos','item@44499'),
('Bongos','item@55500'),

-- Dholaks
('Dholaks','item@66611'),
('Dholaks','item@77722'),

-- Tabla
('Tabla','item@88833'),
('Tabla','item@99944'),

-- Ghungroos
('Ghungroos','item@00066'),
('Ghungroos','item@11177'),

-- Guitar
('Guitar','item@22288'),
('Guitar','item@33399'),

-- Guitar Accessories
('Accessories','item@44400'),
('Accessories','item@55511'),

-- Men's Shirt
('Mens Shirt','item@77733'),

-- Men's T-Shirt
('Mens T-Shirt','item@88844'),
('Mens T-Shirt','item@99955'),

-- Men's Jeans
('Mens Jeans','item@00077'),
('Mens Jeans','item@11188'),

-- Men's Jacket
('Mens Jacket','item@22299'),

-- Men's Sports Wear
('Mens Sports Wear','item@44422'),
('Mens Sports Wear','item@55533'),

-- Men's Trousers
('Mens Trousers','item@66644'),
('Mens Trousers','item@77755'),

-- Men's Inner Wear
('Mens Inner wear','item@88866'),
('Mens Inner wear','item@99977'),

-- Men's Accessories
('Mens Accessories','item@00088'),
('Mens Accessories','item@11199'),

-- Women's Shirt
('Womens Shirt','item@22211'),
('Womens Shirt','item@33322'),

-- Women's T-Shirt
('Womens T-Shirt','item@44433'),
('Womens T-Shirt','item@55544'),

-- Women's Jeans
('Womens Jeans','item@66655'),
('Womens Jeans','item@77766'),

-- Women's Jacket
('Womens Jacket','item@88877'),
('Womens Jacket','item@99988'),

-- Women's Shorts
('Womens Shorts','item@00099'),
('Womens Shorts','item@11100'),

-- Women's Kurtas
('Womens Kurtas','item@20002'),
('Womens Kurtas','item@30003'),

-- Women's Tops
('Womens Tops','item@40004'),
('Womens Tops','item@50005'),

-- Women's Dresses
('Womens Dresses','item@60006'),
('Womens Dresses','item@70007'),

-- Women's Saree
('Womens Saree','item@80008'),
('Womens Saree','item@90009'),

-- Women's Sports Wear
('Womens Sports Wear','item@00000'),
('Womens Sports Wear','item@10001'),

-- Women's Inner Wear
('Womens Inner wear','item@20202'),
('Womens Inner wear','item@30303'),

-- Women's Accessories
('Womens Accessories','item@44044'),
('Womens Accessories','item@50505'),

-- Toys and Games
('Toys and Games','item@66066'),
('Toys and Games','item@70707'),

-- Kids Shirt
('Kids Shirt','item@80808'),
('Kids Shirt','item@99990'),

-- Kids T-Shirt
('Kids T-Shirt','item@90711'),
('Kids T-Shirt','item@01022'),

-- Kids Jeans
('Kids Jeans','item@24263'),
('Kids Jeans','item@31340'),

-- Kids Jacket
('Kids Jacket','item@04050'),
('Kids Jacket','item@05066'),

-- Kids Shorts
('Kids Shorts','item@06897'),
('Kids Shorts','item@67888'),

-- Kids Cap
('Kids Cap','item@68490'),
('Kids Cap','item@59809'),

-- Men's Footwear
('Mens Footwear','item@50522'),
('Mens Footwear','item@16162'),

-- Women's Footwear
('Womens Footwear','item@62940'),
('Womens Footwear','item@63753'),

-- Kids Footwear
('Kids Footwear','item@04563'),
('Kids Footwear','item@05507'),

-- Sunglasses
('sunglasses','item@07608'),
('sunglasses','item@07090'),

-- Reading Glasses
('Reading glasses','item@08000'),
('Reading glasses','item@08991'),

-- Computer Glasses
('Computer glasses','item@09093'),
('Computer glasses','item@18142'),

-- Safety Glasses
('Safety glasses','item@02152'),
('Safety glasses','item@90326'),

-- Fashion Glasses
('Fashion glasses','item@40407'),
('Fashion glasses','item@50508'),

-- Sports Glasses
('Sports glasses','item@69690'),
('Sports glasses','item@78730');
 
--11)
INSERT INTO inv_house (inv_house_name)
VALUES 
('Mumbai Inventory'),
('Delhi Inventory'),
('Kolkata Inventory'),
('Chennai Inventory'),
('Bengaluru Inventory'),
('Hyderabad Inventory'),
('Pune Inventory'),
('Ahmedabad Inventory'),
('Surat Inventory'),
('Jaipur Inventory'),
('Lucknow Inventory'),
('Kanpur Inventory'),
('Nagpur Inventory'),
('Indore Inventory'),
('Thane Inventory'),
('Bhopal Inventory'),
('Visakhapatnam Inventory'),
('Agra Inventory'),
('Varanasi Inventory'),
('Patna Inventory'),
('Srinagar Inventory'),
('Ludhiana Inventory'),
('Amritsar Inventory'),
('Raipur Inventory'),
('Coimbatore Inventory'),
('Allahabad Inventory'),
('Guwahati Inventory'),
('Chandigarh Inventory'),
('Kochi Inventory'),
('Goa Inventory'),
('Mysore Inventory'),
('Nashik Inventory'),
('Vadodara Inventory'),
('Thiruvananthapuram Inventory'),
('Madurai Inventory'),
('Gurgaon Inventory'),
('Noida Inventory'),
('Ghaziabad Inventory'),
('Faridabad Inventory');
 
--12)
INSERT INTO inv_phone (inv_house_name, inv_house_phone_number)
VALUES
('Mumbai Inventory', '9312345678'),
('Delhi Inventory', '9423456789'),
('Kolkata Inventory', '9534567890'),
('Chennai Inventory', '9645678901'),
('Bengaluru Inventory', '9756789012'),
('Hyderabad Inventory', '9867890123'),
('Pune Inventory', '9978901234'),
('Ahmedabad Inventory', '9890123456'),
('Surat Inventory', '9789012345'),
('Jaipur Inventory', '9678901234'),
('Lucknow Inventory', '9567890123'),
('Kanpur Inventory', '9456789012'),
('Nagpur Inventory', '9345678901'),
('Indore Inventory', '9234567890'),
('Thane Inventory', '9432109876'),
('Bhopal Inventory', '9521098765'),
('Visakhapatnam Inventory', '9610987654'),
('Agra Inventory', '9709876543'),
('Varanasi Inventory', '9798765432'),
('Patna Inventory', '9887654321'),
('Srinagar Inventory', '9976543210'),
('Ludhiana Inventory', '9965432109'),
('Amritsar Inventory', '9854321098'),
('Raipur Inventory', '9743210987'),
('Coimbatore Inventory', '9632109876'),
('Allahabad Inventory', '9521098765'),
('Guwahati Inventory', '9410987654'),
('Chandigarh Inventory', '9309876543'),
('Kochi Inventory', '9123456789'),
('Goa Inventory', '9234567890'),
('Mysore Inventory', '9345678901'),
('Nashik Inventory', '9456789012'),
('Vadodara Inventory', '9567890123'),
('Thiruvananthapuram Inventory', '9678901234'),
('Coimbatore Inventory', '9789012345'),
('Madurai Inventory', '9890123456'),
('Gurgaon Inventory', '9901234567'),
('Noida Inventory', '9912345678'),
('Ghaziabad Inventory', '9923456789'),
('Faridabad Inventory', '9934567890');
 
--13)
INSERT INTO shipper (shipper_id, shipper_name, inv_house_name)
VALUES
('shpr@00001', 'Aarav Sharma', 'Mumbai Inventory'),
('shpr@00002', 'Bhuvan Patel', 'Delhi Inventory'),
('shpr@00003', 'Chirag Singh', 'Kolkata Inventory'),
('shpr@00004', 'Dhruv Kumar', 'Chennai Inventory'),
('shpr@00005', 'Eshan Gupta', 'Bengaluru Inventory'),
('shpr@00006', 'Farhan Das', 'Hyderabad Inventory'),
('shpr@00007', 'Girish Verma', 'Pune Inventory'),
('shpr@00008', 'Hitesh Joshi', 'Ahmedabad Inventory'),
('shpr@00009', 'Ishan Malhotra', 'Surat Inventory'),
('shpr@00010', 'Jatin Agarwal', 'Jaipur Inventory'),
('shpr@00011', 'Kunal Sharma', 'Lucknow Inventory'),
('shpr@00012', 'Lakshay Bose', 'Kanpur Inventory'),
('shpr@00013', 'Manish Das', 'Nagpur Inventory'),
('shpr@00014', 'Nikhil Chopra', 'Indore Inventory'),
('shpr@00015', 'Omkar Rao', 'Thane Inventory'),
('shpr@00016', 'Pranav Choudhury', 'Bhopal Inventory'),
('shpr@00017', 'Quinton Mukherjee', 'Visakhapatnam Inventory'),
('shpr@00018', 'Rajat Banerjee', 'Agra Inventory'),
('shpr@00019', 'Samar Dutta', 'Varanasi Inventory'),
('shpr@00020', 'Tejas Sengupta', 'Patna Inventory'),
('shpr@00021', 'Utkarsh Bhat', 'Srinagar Inventory'),
('shpr@00022', 'Varun Chakraborty', 'Ludhiana Inventory'),
('shpr@00023', 'Vivek Mittal', 'Amritsar Inventory'),
('shpr@00024', 'Waseem Goswami', 'Raipur Inventory'),
('shpr@00025', 'Xavier Rajput', 'Coimbatore Inventory'),
('shpr@00026', 'Yash Desai', 'Allahabad Inventory'),
('shpr@00027', 'Zaheer Iyer', 'Guwahati Inventory'),
('shpr@00028', 'Aniket Agarwal', 'Chandigarh Inventory'),
('shpr@00029', 'Bhavin Sharma', 'Kochi Inventory'),
('shpr@00030', 'Chetan Gupta', 'Goa Inventory'),
('shpr@00031', 'Dinesh Patil', 'Mysore Inventory'),
('shpr@00032', 'Eklavya Choudhary', 'Nashik Inventory'),
('shpr@00033', 'Firoz Garg', 'Vadodara Inventory'),
('shpr@00034', 'Gopal Vyas', 'Thiruvananthapuram Inventory'),
('shpr@00035', 'Himanshu Kapoor', 'Madurai Inventory'),
('shpr@00036', 'Irfan Reddy', 'Gurgaon Inventory'),
('shpr@00037', 'Jagdish Agnihotri', 'Noida Inventory'),
('shpr@00038', 'Kartik Sharma', 'Ghaziabad Inventory'),
('shpr@00039', 'Lalit Sood', 'Faridabad Inventory'),
('shpr@00040', 'Mohit Nair', 'Kolkata Inventory'),
('shpr@00041', 'Naveen Kumar', 'Chennai Inventory'),
('shpr@00042', 'Omkar Verma', 'Bengaluru Inventory'),
('shpr@00043', 'Pawan Malhotra', 'Hyderabad Inventory'),
('shpr@00044', 'Qasim Mehra', 'Pune Inventory'),
('shpr@00045', 'Rahul Shah', 'Ahmedabad Inventory'),
('shpr@00046', 'Sameer Mehra', 'Surat Inventory'),
('shpr@00047', 'Tanuj Gupta', 'Jaipur Inventory'),
('shpr@00048', 'Utkarsh Chakraborty', 'Lucknow Inventory'),
('shpr@00049', 'Vicky Mittal', 'Kanpur Inventory'),
('shpr@00050', 'Waseem Kapoor', 'Nagpur Inventory'),
('shpr@00051', 'Yogesh Mehra', 'Indore Inventory'),
('shpr@00052', 'Zaheer Singh', 'Thane Inventory'),
('shpr@00053', 'Alok Trivedi', 'Bhopal Inventory'),
('shpr@00054', 'Bhaskar Agarwal', 'Visakhapatnam Inventory'),
('shpr@00055', 'Chirag Vohra', 'Agra Inventory'),
('shpr@00056', 'Dilip Sood', 'Varanasi Inventory'),
('shpr@00057', 'Ehsaan Agnihotri', 'Patna Inventory'),
('shpr@00058', 'Farid Sharma', 'Srinagar Inventory'),
('shpr@00059', 'Gagan Mehra', 'Ludhiana Inventory');
 
--14)
INSERT INTO shipper_phone (shipper_id, shipper_phone)
VALUES
('shpr@00001', '8234567890'),
('shpr@00002', '8098765432'),
('shpr@00003', '8372051946'),
('shpr@00004', '8441203675'),
('shpr@00005', '8801457293'),
('shpr@00006', '8196345072'),
('shpr@00007', '8923470561'),
('shpr@00008', '8945627301'),
('shpr@00009', '8692017543'),
('shpr@00010', '8075361492'),
('shpr@00011', '8019436752'),
('shpr@00012', '8427953601'),
('shpr@00013', '8290564137'),
('shpr@00014', '8769025341'),
('shpr@00015', '8312459076'),
('shpr@00016', '8126354907'),
('shpr@00017', '8903476152'),
('shpr@00018', '8032546917'),
('shpr@00019', '8257934601'),
('shpr@00020', '8790456123'),
('shpr@00021', '8089764312'),
('shpr@00022', '8830142756'),
('shpr@00023', '8367451928'),
('shpr@00024', '8625490731'),
('shpr@00025', '8917563402'),
('shpr@00026', '8370415296'),
('shpr@00027', '8036154297'),
('shpr@00028', '8429057163'),
('shpr@00029', '8963024571'),
('shpr@00030', '8715023469'),
('shpr@00031', '8257469301'),
('shpr@00032', '8109467523'),
('shpr@00033', '8034156927'),
('shpr@00034', '8594613207'),
('shpr@00035', '8941732056'),
('shpr@00036', '8045732916'),
('shpr@00037', '8419730256'),
('shpr@00038', '8710325649'),
('shpr@00039', '8103642957'),
('shpr@00040', '8326401579'),
('shpr@00041', '8059643217'),
('shpr@00042', '8309561742'),
('shpr@00043', '8941320756'),
('shpr@00044', '8153469072'),
('shpr@00045', '8967415320'),
('shpr@00046', '8094521367'),
('shpr@00047', '8573921640'),
('shpr@00048', '8246153907'),
('shpr@00049', '8940561237'),
('shpr@00050', '8236519704'),
('shpr@00051', '8109234765'),
('shpr@00052', '8765903142'),
('shpr@00053', '8156923074'),
('shpr@00054', '8056342197'),
('shpr@00055', '8926407513'),
('shpr@00056', '8934162057'),
('shpr@00057', '8713964502'),
('shpr@00058', '8257410639'),
('shpr@00059', '8073469152');
 
--15)
INSERT INTO shipping_address (user_id, is_default, street, apartment_name, city, pincode, "state")
VALUES
('ebay@70070', true, 'Main Street', 'Royal Apartments', 'Mumbai', '400001', 'Maharashtra'),
('ebay@10001', false, 'Park Avenue', 'Green Residency', 'Delhi', '110001', 'Delhi'),
('ebay@10231', true, 'Gandhi Road', 'Lotus Towers', 'Kolkata', '700001', 'West Bengal'),
('ebay@16701', false, 'Bazaar Street', 'Sunrise Heights', 'Chennai', '600001', 'Tamil Nadu'),
('ebay@10056', true, 'Rajpath', 'Palm Gardens', 'Bengaluru', '560001', 'Karnataka'),
('ebay@68001', false, 'Lake Road', 'Golden Enclave', 'Hyderabad', '500001', 'Telangana'),
('ebay@19801', true, 'Garden Street', 'Silver Apartments', 'Pune', '411001', 'Maharashtra'),
('ebay@10465', false, 'Mountain View Road', 'Hillside Residency', 'Jaipur', '302001', 'Rajasthan'),
('ebay@90001', true, 'River Lane', 'Riverdale Towers', 'Ahmedabad', '380001', 'Gujarat'),
('ebay@26781', false, 'Valley Road', 'Valley View Apartments', 'Lucknow', '226001', 'Uttar Pradesh'),
('ebay@10735', true, 'Harbour Street', 'Marina Heights', 'Visakhapatnam', '530001', 'Andhra Pradesh'),
('ebay@10803', false, 'Palace Road', 'Regal Towers', 'Thiruvananthapuram', '695001', 'Kerala'),
('ebay@12135', true, 'Golden Avenue', 'Sunset Residency', 'Nagpur', '440001', 'Maharashtra'),
('ebay@90754', false, 'Diamond Street', 'Diamond Heights', 'Surat', '395001', 'Gujarat'),
('ebay@13216', true, 'Silk Road', 'Silk Gardens', 'Indore', '452001', 'Madhya Pradesh'),
('ebay@45610', true, 'Orchard Road', 'Orchard Residency', 'Bhopal', '462001', 'Madhya Pradesh'),
('ebay@56329', false, 'Maple Street', 'Maple Apartments', 'Chandigarh', '160001', 'Punjab'),
('ebay@45264', true, 'Sapphire Avenue', 'Sapphire Towers', 'Amritsar', '143001', 'Punjab'),
('ebay@23657', false, 'Emerald Lane', 'Emerald Heights', 'Kanpur', '208001', 'Uttar Pradesh'),
('ebay@12349', true, 'Rosewood Street', 'Rosewood Residency', 'Patna', '800001', 'Bihar'),
('ebay@43523', false, 'Cedar Road', 'Cedar Apartments', 'Guwahati', '781001', 'Assam'),
('ebay@24568', true, 'Ruby Lane', 'Ruby Towers', 'Raipur', '492001', 'Chhattisgarh'),
('ebay@65436', false, 'Amber Avenue', 'Amber Heights', 'Ranchi', '834001', 'Jharkhand'),
('ebay@87654', true, 'Opal Street', 'Opal Gardens', 'Cuttack', '753001', 'Odisha'),
('ebay@09872', false, 'Topaz Road', 'Topaz Residency', 'Dehradun', '248001', 'Uttarakhand');
 
--16)
INSERT INTO product_test (product_id, product_name, price, available_units, watching_number, description, avg_rating, product_seller_id)
VALUES
('item@12345', 'Smartphone X', 15000.00, 8, 3, 'High performance', 4.3, 'ebay@10735'),
('item@23456', 'Bluetooth Earphones', 2000.00, 12, 0, 'Wireless connectivity', 3.8, 'ebay@10803'),
('item@34567', 'Phone Case', 500.00, 5, 0, 'Shockproof protection', 3.5, 'ebay@12135'),
('item@45678', 'Smart TV 40 Inch', 25000.00, 10, 5, 'Ultra HD resolution', 4.5, 'ebay@90754'),
('item@56789', 'LED TV 32 Inch', 15000.00, 7, 0, 'Slim design', 4.0, 'ebay@13216'),
('item@67890', 'Microwave Oven', 8000.00, 9, 2, 'Quick cooking', 4.2, 'ebay@67894'),
('item@78901', 'Air Purifier', 12000.00, 6, 0, 'HEPA filter', 3.9, 'ebay@10999'),
('item@89012', 'Noise Cancelling Headphones', 3000.00, 11, 6, 'Immersive sound', 4.1, 'ebay@13869'),
('item@90123', 'Wireless Gaming Headset', 4000.00, 14, 0, 'Low latency', 4.3, 'ebay@67803'),
('item@01234', 'Laptop i5 8GB RAM', 45000.00, 5, 0, 'Fast performance', 4.4, 'ebay@32578'),
('item@09876', 'Ultrabook SSD', 60000.00, 3, 5, 'Thin and light', 4.6, 'ebay@19075'),
('item@98765', 'Fitness Tracker Watch', 3000.00, 10, 8, 'Heart rate monitor', 4.0, 'ebay@12121'),
('item@87654', 'Smartwatch with GPS', 5000.00, 8, 0, 'Navigation feature', 4.2, 'ebay@90908'),
('item@76543', 'Food Processor', 4000.00, 7, 0, 'Multiple attachments', 3.7, 'ebay@16556'),
('item@65432', 'Electric Kettle', 1000.00, 4, 2, 'Rapid boiling', 3.8, 'ebay@19797'),
('item@54321', 'Console Gaming Bundle', 30000.00, 12, 0, 'Includes multiple games', 4.3, 'ebay@43523'),
('item@43210', 'PC Game CD', 1500.00, 6, 5, 'Latest release', 3.9, 'ebay@24568'),
('item@11111', 'Self-help Book: "Mindset"', 300.00, 10, 9, 'Developing a growth mindset', 4.5, 'ebay@65436'),
('item@22222', 'Self-help Book: "The Power of Now"', 350.00, 8, 0, 'Living in the present moment', 4.3, 'ebay@87654'),
('item@33333', 'Textbook: Mathematics', 600.00, 7, 5, 'Covering all major topics', 4.2, 'ebay@09872'),
('item@44444', 'Textbook: History', 550.00, 5, 0, 'Comprehensive overview', 4.0, 'ebay@12005'),
('item@55555', 'Yoga Mat', 800.00, 6, 0, 'Non-slip surface', 4.1, 'ebay@45878'),
('item@66666', 'Essential Oil Set', 1000.00, 4, 2, 'Various fragrances', 4.0, 'ebay@34525'),
('item@77777', 'Novel: "The Alchemist"', 400.00, 9, 0, 'Journey of self-discovery', 4.4, 'ebay@56782'),
('item@88888', 'Comic Book: "Marvel Avengers"', 250.00, 7, 0, 'Action-packed adventure', 4.3, 'ebay@65429'),
('item@99999', 'Philosophy Book: "Meditations"', 350.00, 8, 0, 'Reflections on life', 4.2, 'ebay@16556'),
('item@00001', 'Philosophy Book: "The Republic"', 300.00, 6, 0, 'Exploring justice and governance', 4.1, 'ebay@19797'),
('item@00011', 'Holy Scripture: Bhagavad Gita', 200.00, 5, 15, 'Spiritual teachings', 4.0, 'ebay@43523'),
('item@11122', 'Holy Scripture: Quran', 150.00, 4, 0, 'Guidance for Muslims', 3.8, 'ebay@24568'),
('item@22233', 'Economics Book: "Freakonomics"', 400.00, 7, 0, 'Unconventional insights', 4.3, 'ebay@65436'),
('item@33344', 'Business Book: "Lean Startup"', 450.00, 6, 4, 'Entrepreneurial strategies', 4.2, 'ebay@87654'),
('item@44455', 'Fiction Book: "Harry Potter"', 500.00, 8, 0, 'Wizarding adventure', 4.6, 'ebay@09872'),
('item@55566', 'Fiction Book: "1984"', 350.00, 7, 0, 'Dystopian classic', 4.4, 'ebay@12005'),
('item@66677', 'Wallpaper Roll: Floral Pattern', 500.00, 6, 0, 'Elegant design', 4.1, 'ebay@45878'),
('item@77788', 'Wall Sticker: Space Theme', 300.00, 4, 0, 'Glow-in-the-dark', 3.9, 'ebay@34525'),
('item@88899', 'Wall Clock: Wooden Frame', 800.00, 5, 0, 'Silent mechanism', 4.2, 'ebay@56782'),
('item@99900', 'Alarm Clock: Digital Display', 400.00, 6, 0, 'Multiple alarms', 4.0, 'ebay@65429'),
('item@00022', 'Artificial Flower Bouquet', 300.00, 9, 0, 'Realistic appearance', 4.3, 'ebay@56782'),
('item@11133', 'Decorative Vase: Ceramic', 600.00, 8, 0, 'Modern design', 4.1, 'ebay@65429'),
('item@22244', 'Photo Frame: Collage Style', 250.00, 7, 0, 'Display multiple photos', 4.0, 'ebay@87654'),
('item@33355', 'Canvas Painting: Abstract Art', 1000.00, 5, 0, 'Vibrant colors', 4.2, 'ebay@09872'),
('item@44466', 'Diyas Set: Terracotta', 200.00, 6, 0, 'Traditional design', 4.1, 'ebay@12005'),
('item@55577', 'Scented Candles: Lavender', 150.00, 4, 0, 'Relaxing aroma', 3.8, 'ebay@45878'),
('item@66688', 'Single Bed: Metal Frame', 8000.00, 8, 3, 'Sturdy construction', 4.2, 'ebay@34525'),
('item@77799', 'Double Bed: Wooden Frame', 15000.00, 5, 0, 'Elegant design', 4.0, 'ebay@56782'),
('item@88800', 'Cotton Bedsheet Set', 1000.00, 6, 0, 'Soft and breathable', 4.3, 'ebay@10735'),
('item@99911', 'Silk Bedsheet Set', 2000.00, 4, 0, 'Luxurious feel', 4.1, 'ebay@10803'),
('item@00033', 'Coffee Table: Glass Top', 5000.00, 7, 4, 'Modern design', 4.2, 'ebay@12135'),
('item@11144', 'Wardrobe: Wooden Finish', 12000.00, 6, 0, 'Spacious storage', 4.0, 'ebay@90754'),
('item@22255', 'Decorative Bowl: Metal', 600.00, 5, 0, 'Contemporary style', 4.1, 'ebay@13216'),
('item@33366', 'Wall Art: Metal Sculpture', 1500.00, 4, 0, 'Abstract design', 3.9, 'ebay@67894'),
('item@44477', 'Dining Table Set: 4 Seater', 15000.00, 8, 0, 'Compact design', 4.3, 'ebay@10999'),
('item@55588', 'Chair Set: Upholstered', 8000.00, 7, 0, 'Comfortable seating', 4.2, 'ebay@13869'),
('item@66699', 'L-Shaped Sofa: Fabric', 25000.00, 6, 3, 'Spacious seating', 4.4, 'ebay@67803'),
('item@77700', 'Recliner Sofa: Leather', 35000.00, 5, 0, 'Luxurious comfort', 4.3, 'ebay@32578'),
('item@88811', 'Floor Lamp: Tripod Base', 3000.00, 7, 0, 'Adjustable height', 4.0, 'ebay@19075'),
('item@99922', 'Table Lamp: Ceramic Base', 1000.00, 6, 0, 'Soft illumination', 3.8, 'ebay@12121'),
('item@00044', 'Memory Foam Pillow', 800.00, 5, 0, 'Orthopedic support', 4.1, 'ebay@90908'),
('item@11155', 'Decorative Pillow: Velvet', 500.00, 4, 0, 'Plush texture', 3.9, 'ebay@16556'),
('item@22266', 'Yoga Mat: Non-slip', 1000.00, 7, 0, 'Eco-friendly material', 4.2, 'ebay@19797'),
('item@33377', 'Dumbbell Set: Adjustable', 2000.00, 6, 5, 'Versatile workout', 4.0, 'ebay@43523'),
('item@44488', 'Running Shoes: Breathable', 3000.00, 8, 0, 'Shock-absorbing sole', 4.3, 'ebay@24568'),
('item@55599', 'Football Boots: Studs', 2500.00, 7, 0, 'Enhanced grip', 4.1, 'ebay@65436'),
('item@66600', 'Travel Backpack: Waterproof', 1500.00, 6, 0, 'Multiple compartments', 4.0, 'ebay@87654'),
('item@77711', 'School Backpack: Lightweight', 800.00, 5, 0, 'Comfortable straps', 3.8, 'ebay@09872'),
('item@88822', 'Hardshell Suitcase: Spinner', 5000.00, 7, 0, 'Durable construction', 4.2, 'ebay@12005'),
('item@99933', 'Cabin Luggage: TSA Approved', 3000.00, 6, 1, 'Secure lock system', 4.1, 'ebay@45878'),
('item@00055', 'Leather Wallet: RFID Blocking', 1000.00, 5, 0, 'Protects from electronic theft', 4.0, 'ebay@34525'),
('item@11166', 'Slim Wallet: Minimalist Design', 500.00, 4, 0, 'Fits in pocket easily', 3.9, 'ebay@56782'),
('item@22277', 'Drum Kit: Full Set', 15000.00, 8, 0, 'Professional sound quality', 4.3, 'ebay@65429'),
('item@33388', 'Bongo Drums: African Style', 2000.00, 7, 0, 'Handcrafted design', 4.1, 'ebay@87654'),
('item@44499', 'Bongo Drums: Latin Percussion', 1000.00, 6, 0, 'Authentic sound', 4.0, 'ebay@09872'),
('item@55500', 'Mini Bongos: Kids Size', 500.00, 5, 0, 'Easy to play', 3.8, 'ebay@12005'),
('item@66611', 'Dholak: Traditional Indian', 3000.00, 7, 0, 'Rich tone', 4.2, 'ebay@45878'),
('item@77722', 'Fiberglass Dholak: Lightweight', 2500.00, 6, 0, 'Easy to carry', 4.1, 'ebay@34525'),
('item@88833', 'Tabla Set: Professional Quality', 8000.00, 8, 0, 'Classic instrument', 4.3, 'ebay@56782'),
('item@99944', 'Digital Tabla: Electronic', 5000.00, 7, 0, 'Portable design', 4.2, 'ebay@65429'),
('item@00066', 'Ghungroo Set: Classical Dance', 200.00, 6, 0, 'Traditional ankle bells', 4.0, 'ebay@87654'),
('item@11177', 'Bollywood Ghungroos: Colorful', 150.00, 5, 0, 'Vibrant design', 3.8, 'ebay@09872'),
('item@22288', 'Acoustic Guitar: Beginner Set', 4000.00, 7, 0, 'Easy to learn', 4.2, 'ebay@12005'),
('item@33399', 'Electric Guitar: Rock Style', 6000.00, 6, 4, 'Amplified sound', 4.1, 'ebay@45878'),
('item@44400', 'Guitar Strings: Steel', 300.00, 5, 0, 'Durable material', 4.0, 'ebay@34525'),
('item@55511', 'Guitar Capo: Quick Release', 200.00, 4, 0, 'Adjustable tension', 3.9, 'ebay@56782'),
('item@77733', 'Casual Shirt: Plaid Pattern', 800.00, 5, 0, 'Comfortable fit', 4.2, 'ebay@56782'),
('item@88844', 'Graphic Tee: Printed Design', 500.00, 4, 0, 'Unique artwork', 4.1, 'ebay@56782'),
('item@99955', 'Plain T-Shirt: Basic Style', 300.00, 3, 0, 'Versatile wardrobe staple', 4.0, 'ebay@56782'),
('item@00077', 'Slim Fit Jeans: Denim', 1500.00, 7, 0, 'Stylish and comfortable', 4.3, 'ebay@56782'),
('item@11188', 'Ripped Jeans: Distressed Look', 1200.00, 6, 0, 'Fashionable trend', 4.2, 'ebay@56782'),
('item@22299', 'Leather Jacket: Biker Style', 4000.00, 8, 6, 'Iconic fashion statement', 4.4, 'ebay@87654'),
('item@44422', 'Sports Jersey: Moisture Wicking', 800.00, 6, 0, 'Breathable fabric', 4.2, 'ebay@56782'),
('item@55533', 'Track Pants: Stretchable', 600.00, 5, 0, 'Flexible movement', 4.1, 'ebay@56782'),
('item@66644', 'Formal Trousers: Slim Fit', 1200.00, 7, 0, 'Professional look', 4.3, 'ebay@56782'),
('item@77755', 'Chinos: Casual Style', 1000.00, 6, 0, 'Versatile wardrobe essential', 4.2, 'ebay@56782'),
('item@88866', 'Boxer Briefs: Cotton Blend', 300.00, 5, 0, 'Comfortable all day wear', 4.1, 'ebay@87654'),
('item@99977', 'Vests: Pack of 3', 200.00, 4, 0, 'Soft and breathable fabric', 4.0, 'ebay@87654'),
('item@00088', 'Leather Belt: Classic Design', 500.00, 4, 0, 'Durable and stylish', 4.2, 'ebay@56782'),
('item@11199', 'Sunglasses: Polarized', 1000.00, 3, 3, 'UV protection', 4.1, 'ebay@56782'),
('item@22211', 'Blouse: Floral Print', 800.00, 6, 0, 'Feminine style', 4.3, 'ebay@56782'),
('item@33322', 'Tunic: Bohemian Style', 600.00, 5, 0, 'Relaxed fit', 4.2, 'ebay@56782'),
('item@44433', 'Crop Top: Knit Fabric', 400.00, 4, 0, 'Trendy and comfortable', 4.1, 'ebay@87654'),
('item@55544', 'V-Neck Tee: Basic Style', 300.00, 3, 0, 'Everyday essential', 4.0, 'ebay@87654'),
('item@66655', 'Skinny Jeans: High Waist', 1500.00, 7, 0, 'Figure-flattering fit', 4.3, 'ebay@56782'),
('item@77766', 'Bootcut Jeans: Stretch Denim', 1200.00, 6, 0, 'Classic silhouette', 4.2, 'ebay@56782'),
('item@88877', 'Denim Jacket: Distressed Look', 2000.00, 8, 0, 'Effortlessly cool', 4.4, 'ebay@87654'),
('item@99988', 'Bomber Jacket: Satin Finish', 2500.00, 7, 0, 'Edgy street style', 4.3, 'ebay@87654'),
('item@00099', 'Denim Shorts: Frayed Hem', 800.00, 6, 0, 'Casual summer staple', 4.2, 'ebay@67894'),
('item@11100', 'Athletic Shorts: Quick Dry', 600.00, 5, 0, 'Performance fabric', 4.1, 'ebay@56782'),
('item@20002', 'Anarkali Kurta: Embroidered', 1200.00, 7, 0, 'Elegant ethnic wear', 4.3, 'ebay@67894'),
('item@30003', 'Straight Kurta: Printed', 1000.00, 6, 0, 'Versatile style', 4.2, 'ebay@56782'),
('item@40004', 'Off-Shoulder Top: Ruffle Detail', 500.00, 5, 0, 'Chic and feminine', 4.1, 'ebay@87654'),
('item@50005', 'Peplum Top: Lace Trim', 400.00, 4, 0, 'Flattering silhouette', 4.0, 'ebay@87654'),
('item@60006', 'Maxi Dress: Floral Print', 1500.00, 7, 0, 'Bohemian vibes', 4.2, 'ebay@67894'),
('item@70007', 'Wrap Dress: Midi Length', 1200.00, 6, 0, 'Effortless elegance', 4.1, 'ebay@56782'),
('item@80008', 'Silk Saree: Embellished Border', 2000.00, 8, 5, 'Timeless elegance', 4.3, 'ebay@87654'),
('item@90009', 'Cotton Saree: Block Print', 1000.00, 7, 0, 'Traditional charm', 4.2, 'ebay@87654'),
('item@00000', 'Sports Bra: High Impact', 800.00, 6, 0, 'Support and comfort', 4.2, 'ebay@67894'),
('item@10001', 'Leggings: Moisture Wicking', 600.00, 5, 0, 'Flexible movement', 4.1, 'ebay@56782'),
('item@20202', 'Lace Bralette: Wireless', 300.00, 4, 0 ,'Feminine and comfortable', 4.0, 'ebay@87654'),
('item@30303', 'Cotton Panties: Pack of 5', 200.00, 3, 0, 'Soft and breathable', 3.9, 'ebay@87654'),
('item@44044', 'Statement Necklace: Boho Style', 500.00, 5, 0, 'Bold and eye-catching', 4.1, 'ebay@32578'),
('item@50505', 'Tassel Earrings: Colorful', 400.00, 4, 0, 'Fun and playful', 4.0, 'ebay@56782'),
('item@66066', 'Board Game: Strategy', 800.00, 6, 0, 'Hours of entertainment', 4.2, 'ebay@32578'),
('item@70707', 'Puzzle: 1000 Pieces', 600.00, 5, 4, 'Mind-stimulating activity', 4.1, 'ebay@56782'),
('item@80808', 'Cartoon Print Shirt: Cotton', 300.00, 4, 0, 'Adorable design', 4.0, 'ebay@87654'),
('item@99990', 'Polo Shirt: Striped', 200.00, 3, 0, 'Classic style', 3.9, 'ebay@87654'),
('item@90711', 'Graphic Tee: Superhero Design', 150.00, 5, 0, 'Fun and colorful', 3.8, 'ebay@32578'),
('item@01022', 'Plain T-Shirt: Comfort Fit', 100.00, 4, 0, 'Soft fabric', 3.7, 'ebay@56782'),
('item@24263', 'Denim Jeans: Elastic Waist', 500.00, 6, 0, 'Easy to wear', 4.0, 'ebay@87654'),
('item@31340', 'Slim Fit Jeans: Stretch Denim', 400.00, 5, 0, 'Modern style', 3.9, 'ebay@87654'),
('item@04050', 'Hooded Jacket: Fleece Lining', 800.00, 7, 0, 'Warm and cozy', 4.2, 'ebay@32578'),
('item@05066', 'Puffer Jacket: Quilted Design', 600.00, 6, 0, 'Lightweight insulation', 4.1, 'ebay@56782'),
('item@06897', 'Cargo Shorts: Multiple Pockets', 300.00, 4, 0, 'Practical design', 4.0, 'ebay@87654'),
('item@67888', 'Sports Shorts: Quick Dry', 200.00, 3, 0, 'Comfortable fabric', 3.9, 'ebay@87654'),
('item@68490', 'Baseball Cap: Adjustable Strap', 150.00, 5, 0, 'Sporty style', 3.8, 'ebay@87654'),
('item@59809', 'Beanie: Knitted Design', 100.00, 4, 0, 'Cozy warmth', 3.7, 'ebay@56782'),
('item@50522', 'Leather Shoes: Formal', 2000.00, 6, 0, 'Classic elegance', 4.2, 'ebay@34525'),
('item@16162', 'Sneakers: Casual', 1500.00, 5, 2, 'Versatile style', 4.1, 'ebay@56782'),
('item@62940', 'High Heels: Stiletto', 2500.00, 7, 3, 'Elevated glamour', 4.3, 'ebay@87654'),
('item@63753', 'Flats: Ballet Style', 1000.00, 6, 0, 'Comfortable chic', 4.2, 'ebay@87654'),
('item@04563', 'Velcro Shoes: Easy Wear', 800.00, 5, 0, 'Convenient for kids', 4.1, 'ebay@87654'),
('item@05507', 'Sandals: Summer Style', 600.00, 4, 0, 'Breathable design', 4.0, 'ebay@87654'),
('item@07608', 'Aviator Sunglasses: Polarized', 1000.00, 5, 0, 'Classic aviator style', 4.1, 'ebay@10803'),
('item@07090', 'Wayfarer Sunglasses: Retro', 800.00, 4, 0, 'Iconic fashion statement', 4.0, 'ebay@10803'),
('item@08000', 'Prescription Glasses: Round Frame', 500.00, 3, 0, 'Clear vision', 3.9, 'ebay@10803'),
('item@08991', 'Blue Light Glasses: Anti-Reflective', 300.00, 2, 0, 'Protects from digital strain', 3.8, 'ebay@12135'),
('item@09093', 'Gaming Glasses: Amber Tint', 800.00, 4, 0, 'Reduces eye strain', 4.0, 'ebay@12135'),
('item@18142', 'Anti-Glare Glasses: Clear Lens', 600.00, 3, 0, 'Enhanced visual comfort', 3.9, 'ebay@12135'),
('item@02152', 'Safety Goggles: Wraparound Style', 300.00, 2, 0, 'Protects eyes from debris', 3.8, 'ebay@90754'),
('item@90326', 'Chemical Safety Glasses: Ventilated', 200.00, 3, 0, 'Provides maximum protection', 3.7, 'ebay@90754'),
('item@40407', 'Cat Eye Glasses: Vintage Style', 400.00, 4, 0, 'Trendy and stylish', 4.0, 'ebay@90754'),
('item@50508', 'Oversized Glasses: Statement Frames', 350.00, 3, 4, 'Bold fashion statement', 3.9, 'ebay@13216'),
('item@69690', 'Ski Goggles: Polarized Lens', 1000.00, 5, 0, 'Clear vision on slopes', 4.1, 'ebay@13216'),
('item@78730', 'Cycling Sunglasses: UV Protection', 800.00, 4, 0, 'Comfortable fit', 4.0, 'ebay@13216'),
('item@10305', 'Smartphone X', 15000.00, 8, 0, 'High performance', 4.3, 'ebay@67894'),
('item@20406', 'Bluetooth Earphones', 2000.00, 12, 0, 'Wireless connectivity', 3.8, 'ebay@67894'),
('item@30507', 'Phone Case', 500.00, 5, 0, 'Shockproof protection', 3.5, 'ebay@67894'),
('item@40608', 'Wireless Charger', 1000.00, 10, 0, 'Fast charging', 4.2, 'ebay@67894'),
('item@50709', 'Power Bank', 1500.00, 15, 0, 'Portable charger', 4.1, 'ebay@67894'),
('item@60800', 'Smartphone Y', 18000.00, 6, 0, 'Advanced features', 4.4, 'ebay@67894'),
('item@70901', 'Wired Earphones', 500.00, 10, 0, 'High-quality sound', 4.0, 'ebay@67894'),
('item@80002', '4K Smart TV 65 Inch', 50000.00, 5, 0, 'Immersive viewing experience', 4.6, 'ebay@10999'),
('item@90103', 'QLED TV 55 Inch', 45000.00, 7, 0, 'Vivid colors and deep blacks', 4.5, 'ebay@10999'),
('item@00204', 'Streaming Stick', 1500.00, 15, 0, 'Turns any TV into a smart TV', 4.2, 'ebay@10999'),
('item@10340', 'TV Wall Mount', 1000.00, 20, 0, 'Sturdy and easy to install', 4.1, 'ebay@13869'),
('item@29450', 'Soundbar with Wireless Subwoofer', 7000.00, 8, 0, 'Cinematic sound experience', 4.3, 'ebay@13869'),
('item@39507', 'HD Antenna', 800.00, 18, 0, 'Free over-the-air channels', 3.9, 'ebay@13869'),
('item@45070', 'Smart Microwave Oven', 8000.00, 9, 0, 'Voice-controlled cooking', 4.4, 'ebay@67803'),
('item@56080', 'Air Purifier', 6000.00, 10, 0, 'Improves indoor air quality', 4.3, 'ebay@67803'),
('item@67090', 'Smart Thermostat', 3000.00, 15, 0, 'Energy-saving temperature control', 4.2, 'ebay@67803'),
('item@78000', 'Robot Vacuum and Mop', 10000.00, 6, 0, 'Cleans and mops simultaneously', 4.5, 'ebay@32578'),
('item@89010', 'Smart Ceiling Fan', 4000.00, 12, 0, 'App-controlled fan speed', 4.1, 'ebay@32578'),
('item@90020', 'Portable Air Conditioner', 15000.00, 8, 0, 'Compact cooling solution', 4.0, 'ebay@32578'),
('item@01230', 'Noise Cancelling Headphones', 3500.00, 12, 0, 'Blocks out ambient noise', 4.3, 'ebay@19075'),
('item@02340', 'Wireless Gaming Headset', 4500.00, 8, 0, 'Immersive audio for gaming', 4.2, 'ebay@19075'),
('item@03450', 'Sports Headphones with Ear Hooks', 2000.00, 15, 0, 'Secure fit for workouts', 4.1, 'ebay@19075'),
('item@04560', 'On-Ear Headphones', 1800.00, 20, 0, 'Comfortable and lightweight', 4.0, 'ebay@12121'),
('item@05670', 'Bluetooth Headphones with Mic', 2500.00, 18, 0, 'Hands-free calling', 4.4, 'ebay@12121'),
('item@06780', 'True Wireless Earbuds', 3000.00, 10, 0, 'Compact and portable', 4.5, 'ebay@12121'),
('item@07890', 'Ultra-Thin Laptop: Core i5', 55000.00, 5, 0, 'Sleek and lightweight design', 4.3, 'ebay@90908'),
('item@08900', 'Gaming Laptop: RTX 3060', 100000.00, 8, 0, 'High-end gaming performance', 4.6, 'ebay@90908'),
('item@09010', 'Convertible Chromebook: Touchscreen', 35000.00, 12, 0, 'Versatile and affordable', 4.2, 'ebay@90908'),
('item@90120', 'Business Laptop: ThinkPad', 70000.00, 6, 0, 'Durable and reliable', 4.5, 'ebay@16556'),
('item@01030', 'Student Laptop: SSD Storage', 45000.00, 10, 0, 'Fast and efficient', 4.4, 'ebay@16556'),
('item@00340', 'Professional Laptop: MacBook Pro', 120000.00, 4, 0, 'Powerful for creative work', 4.7, 'ebay@16556'),
('item@20456', 'Fitness Tracker: Waterproof', 2500.00, 15, 0, 'Tracks workouts and sleep', 4.1, 'ebay@19797'),
('item@30567', 'Smartwatch: Blood Oxygen Monitor', 4000.00, 10, 0, 'Health and fitness companion', 4.3, 'ebay@19797'),
('item@40678', 'Kids Smartwatch: GPS Tracker', 3500.00, 12, 0, 'Safety features for parents', 4.2, 'ebay@19797'),
('item@50789', 'Fashion Smartwatch: Customizable Straps', 3000.00, 14, 0, 'Stylish and versatile', 4.0, 'ebay@43523'),
('item@60890', 'Smart Band: Heart Rate Monitor', 2000.00, 18, 0, 'Monitors heart rate during exercise', 4.2, 'ebay@43523'),
('item@70900', 'Outdoor Smartwatch: Built-in GPS', 4500.00, 8, 0, 'Ideal for outdoor activities', 4.4, 'ebay@43523'),
('item@09012', 'Air Fryer: Digital Display', 4000.00, 10, 0, 'Healthy frying with less oil', 4.3, 'ebay@24568'),
('item@90100', 'Coffee Maker: Programmable', 3000.00, 12, 0, 'Wake up to freshly brewed coffee', 4.2, 'ebay@24568'),
('item@01204', 'Toaster: 4-Slice', 1500.00, 15, 0, 'Evenly toasts bread and bagels', 4.1, 'ebay@24568'),
('item@10390', 'Food Processor: Multi-Function', 6000.00, 8, 0, 'Chops, slices, and mixes', 4.4, 'ebay@65436'),
('item@20006', 'Rice Cooker: Fuzzy Logic', 2500.00, 14, 0, 'Perfectly cooked rice every time', 4.0, 'ebay@65436'),
('item@04060', 'Electric Grill: Indoor BBQ', 3500.00, 11, 0, 'Grills without the smoke', 4.5, 'ebay@65436'),
('item@48608', 'PS5 Game: Spider-Man: Miles Morales', 3500.00, 12, 0, 'Action-adventure game', 4.7, 'ebay@87654'),
('item@58788', 'Xbox Game: Halo Infinite', 4000.00, 8, 0, 'First-person shooter', 4.6, 'ebay@87654'),
('item@87898', 'Nintendo Switch Game: Animal Crossing', 3500.00, 10, 0, 'Life simulation game', 4.5, 'ebay@87654'),
('item@78707', 'PC Game: The Witcher 3: Wild Hunt', 2500.00, 15, 0, 'Open-world RPG', 4.4, 'ebay@09872'),
('item@79017', 'VR Game: Beat Saber', 2000.00, 18, 0, 'Rhythm-based VR game', 4.3, 'ebay@09872'),
('item@61626', 'Mobile Game: Among Us', 500.00, 20, 0, 'Social deduction game', 4.2, 'ebay@09872'),
('item@62646', 'Self-help Book: "You Are a Badass"', 450.00, 8, 0, 'Motivational guide', 4.3, 'ebay@12005'),
('item@63656', 'Self-help Book: "Daring Greatly"', 550.00, 12, 0, 'Embracing vulnerability', 4.5, 'ebay@12005'),
('item@63667', 'Self-help Book: "Think and Grow Rich"', 400.00, 11, 0, 'Financial success principles', 4.2, 'ebay@45878'),
('item@65686', 'Self-help Book: "The Four Agreements"', 480.00, 9, 0, 'Toltec wisdom', 4.1, 'ebay@45878'),
('item@66786', 'Self-help Book: "Mans Search for Meaning"', 520.00, 7, 0, 'Holocaust survivor perspective', 4.6, 'ebay@45878');
 
--17)
INSERT INTO cart(user_id)
VALUES
('ebay@70070'),
('ebay@10001'),
('ebay@10231'),
('ebay@16701'),
('ebay@10056'),
('ebay@68001'),
('ebay@19801'),
('ebay@10465'),
('ebay@90001'),
('ebay@26781'),
('ebay@10735'),
('ebay@10803'),
('ebay@12135'),
('ebay@90754'),
('ebay@13216'),
('ebay@45610'),
('ebay@56329'),
('ebay@45264'),
('ebay@23657'),
('ebay@12349'),
('ebay@43523'),
('ebay@24568'),
('ebay@65436'),
('ebay@87654'),
('ebay@09872');
 
--18)
INSERT INTO "contains" (user_id, product_id)
VALUES 
('ebay@70070', 'item@11166'),
('ebay@70070', 'item@90020'),
('ebay@70070', 'item@77733'),
('ebay@70070', 'item@04560'),
('ebay@70070', 'item@07090'),
('ebay@10001', 'item@11166'),
('ebay@10001', 'item@90020'),
('ebay@10001', 'item@77733'),
('ebay@10001', 'item@04560'),
('ebay@10001', 'item@07090'),
('ebay@10001', 'item@55544'),
('ebay@10001', 'item@77700'),
('ebay@10001', 'item@08000'),
('ebay@10231', 'item@40407'),
('ebay@10231', 'item@88822'),
('ebay@16701', 'item@11166'),
('ebay@16701', 'item@90020'),
('ebay@10056', 'item@77733'),
('ebay@10056', 'item@04560'),
('ebay@10056', 'item@07090'),
('ebay@10056', 'item@55544'),
('ebay@10056', 'item@77700'),
('ebay@68001', 'item@08000'),
('ebay@68001', 'item@09876'),
('ebay@68001', 'item@50709'),
('ebay@19801', 'item@55533'),
('ebay@10465', 'item@06897'),
('ebay@19801', 'item@87898'),
('ebay@10465', 'item@44466'),
('ebay@19801', 'item@40407'),
('ebay@10465', 'item@00055'),
('ebay@90001', 'item@33333'),
('ebay@26781', 'item@77755'),
('ebay@10735', 'item@40407'),
('ebay@90001', 'item@88822'),
('ebay@26781', 'item@54321'),
('ebay@10735', 'item@40608'),
('ebay@90001', 'item@90009'),
('ebay@26781', 'item@43210'),
('ebay@10735', 'item@30567'),
('ebay@90001', 'item@70707'),
('ebay@26781', 'item@33399'),
('ebay@10735', 'item@44488'),
('ebay@90001', 'item@99990'),
('ebay@26781', 'item@40678'),
('ebay@10735', 'item@78901'),
('ebay@90001', 'item@01230'),
('ebay@26781', 'item@00044'),
('ebay@10735', 'item@90326'),
('ebay@90001', 'item@67090'),
('ebay@26781', 'item@30507'),
('ebay@10735', 'item@80808'),
('ebay@90001', 'item@20456'),
('ebay@26781', 'item@88844'),
('ebay@10735', 'item@90103'),
('ebay@90001', 'item@00011'),
('ebay@26781', 'item@60800'),
('ebay@10735', 'item@56789'),
('ebay@90001', 'item@45070'),
('ebay@26781', 'item@00022'),
('ebay@10735', 'item@08991'),
('ebay@90001', 'item@07608'),
('ebay@26781', 'item@66677'),
('ebay@10735', 'item@05066'),
('ebay@90001', 'item@44400'),
('ebay@26781', 'item@69690'),
('ebay@10735', 'item@16162'),
('ebay@90001', 'item@07890'),
('ebay@26781', 'item@70007'),
('ebay@10735', 'item@09093'),
('ebay@12135', 'item@55555'),
('ebay@12135', 'item@00033'),
('ebay@12135', 'item@88877'),
('ebay@12135', 'item@55577'),
('ebay@12135', 'item@00340'),
('ebay@12135', 'item@56080'),
('ebay@90754', 'item@99922'),
('ebay@90754', 'item@04060'),
('ebay@90754', 'item@99999'),
('ebay@90754', 'item@02340'),
('ebay@90754', 'item@50505'),
('ebay@90754', 'item@11100'),
('ebay@13216', 'item@88833'),
('ebay@45610', 'item@77799'),
('ebay@56329', 'item@33388'),
('ebay@45264', 'item@50508'),
('ebay@23657', 'item@24263'),
('ebay@13216', 'item@66688'),
('ebay@45610', 'item@77766'),
('ebay@56329', 'item@88888'),
('ebay@45264', 'item@98765'),
('ebay@23657', 'item@99988'),
('ebay@13216', 'item@99911'),
('ebay@45610', 'item@33377'),
('ebay@56329', 'item@89010'),
('ebay@45264', 'item@00077'),
('ebay@23657', 'item@66611'),
('ebay@13216', 'item@63753'),
('ebay@45610', 'item@80008'),
('ebay@56329', 'item@99944'),
('ebay@45264', 'item@59809'),
('ebay@23657', 'item@77788'),
('ebay@13216', 'item@65432'),
('ebay@45610', 'item@80002'),
('ebay@56329', 'item@44499'),
('ebay@45264', 'item@20406'),
('ebay@23657', 'item@22277'),
('ebay@13216', 'item@01204'),
('ebay@45610', 'item@77722'),
('ebay@56329', 'item@23456'),
('ebay@45264', 'item@44477'),
('ebay@23657', 'item@60890'),
('ebay@13216', 'item@44455'),
('ebay@45610', 'item@87654'),
('ebay@56329', 'item@61626'),
('ebay@45264', 'item@50789'),
('ebay@23657', 'item@55500'),
('ebay@13216', 'item@22211'),
('ebay@45610', 'item@22255'),
('ebay@56329', 'item@00204'),
('ebay@45264', 'item@90711'),
('ebay@23657', 'item@05507'),
('ebay@13216', 'item@48608'),
('ebay@45610', 'item@88899'),
('ebay@56329', 'item@22222'),
('ebay@45264', 'item@45678'),
('ebay@23657', 'item@31340'),
('ebay@13216', 'item@60006'),
('ebay@45610', 'item@63656'),
('ebay@56329', 'item@55599'),
('ebay@45264', 'item@99900'),
('ebay@23657', 'item@79017'),
('ebay@13216', 'item@12345'),
('ebay@45610', 'item@33322'),
('ebay@56329', 'item@00099'),
('ebay@45264', 'item@04563'),
('ebay@23657', 'item@06780'),
('ebay@13216', 'item@20002'),
('ebay@45610', 'item@10305'),
('ebay@56329', 'item@99955'),
('ebay@45264', 'item@67890'),
('ebay@23657', 'item@11122'),
('ebay@13216', 'item@09012'),
('ebay@45610', 'item@99977'),
('ebay@56329', 'item@04050'),
('ebay@45264', 'item@66655'),
('ebay@23657', 'item@29450'),
('ebay@13216', 'item@78707'),
('ebay@45610', 'item@05670'),
('ebay@56329', 'item@90100'),
('ebay@45264', 'item@22233'),
('ebay@23657', 'item@00088'),
('ebay@13216', 'item@99933'),
('ebay@45610', 'item@78730'),
('ebay@56329', 'item@66600'),
('ebay@45264', 'item@90123'),
('ebay@23657', 'item@11177'),
('ebay@13216', 'item@44433'),
('ebay@45610', 'item@55511'),
('ebay@56329', 'item@39507'),
('ebay@45264', 'item@66644'),
('ebay@23657', 'item@68490'),
('ebay@13216', 'item@66786'),
('ebay@45610', 'item@66066'),
('ebay@56329', 'item@30003'),
('ebay@45264', 'item@20006'),
('ebay@23657', 'item@88866'),
('ebay@13216', 'item@00001'),
('ebay@45610', 'item@22299'),
('ebay@56329', 'item@11155'),
('ebay@45264', 'item@50522'),
('ebay@23657', 'item@78000'),
('ebay@13216', 'item@20202'),
('ebay@12349', 'item@10340'),
('ebay@43523', 'item@50005'),
('ebay@24568', 'item@22266'),
('ebay@12349', 'item@22244'),
('ebay@43523', 'item@01234'),
('ebay@24568', 'item@33355'),
('ebay@12349', 'item@30303'),
('ebay@43523', 'item@66699'),
('ebay@24568', 'item@11133'),
('ebay@12349', 'item@34567'),
('ebay@43523', 'item@77777'),
('ebay@24568', 'item@10390'),
('ebay@12349', 'item@70901'),
('ebay@43523', 'item@02152'),
('ebay@24568', 'item@33344'),
('ebay@65436', 'item@77711'),
('ebay@87654', 'item@00066'),
('ebay@09872', 'item@10001'),
('ebay@65436', 'item@88811'),
('ebay@87654', 'item@18142'),
('ebay@09872', 'item@44044'),
('ebay@65436', 'item@44444'),
('ebay@87654', 'item@62940'),
('ebay@09872', 'item@90120'),
('ebay@65436', 'item@11188'),
('ebay@87654', 'item@33366'),
('ebay@09872', 'item@89012'),
('ebay@65436', 'item@65686'),
('ebay@87654', 'item@62646'),
('ebay@09872', 'item@00000'),
('ebay@65436', 'item@01022'),
('ebay@87654', 'item@76543'),
('ebay@09872', 'item@55555'),
('ebay@65436', 'item@11144');
 
--19)
INSERT INTO payment(transaction_id)
VALUES
('epay@50001'),
('epay@50002'),
('epay@50003'),
('epay@50004'),
('epay@50005'),
('epay@50006'),
('epay@50007'),
('epay@50008'),
('epay@50009'),
('epay@50010'),
('epay@50011'),
('epay@50012'),
('epay@50013'),
('epay@50014'),
('epay@50015'),
('epay@50016'),
('epay@50017'),
('epay@50018'),
('epay@50019'),
('epay@50020'),
('epay@50021'),
('epay@50022'),
('epay@50023'),
('epay@50024'),
('epay@50025');
 
--20)
INSERT INTO "order" (order_id, transaction_id, buyer_user_id, shipping_address_user_id, shipping_cost, order_date,total_order_cost)
VALUES
('ordr@10001', 'epay@50001', 'ebay@19801', 'ebay@19801', 50.00, '2024-04-01',0.00),
('ordr@10002', 'epay@50002', 'ebay@12349', 'ebay@12349', 51.00, '2024-04-02',0.00),
('ordr@10003', 'epay@50003', 'ebay@87654', 'ebay@87654', 52.00, '2024-04-03',0.00),
('ordr@10004', 'epay@50004', 'ebay@65436', 'ebay@65436', 53.00, '2024-04-04',0.00),
('ordr@10005', 'epay@50005', 'ebay@45610', 'ebay@45610', 54.00, '2024-04-05',0.00),
('ordr@10006', 'epay@50006', 'ebay@09872', 'ebay@09872', 55.00, '2024-04-06',0.00),
('ordr@10007', 'epay@50007', 'ebay@43523', 'ebay@43523', 56.00, '2024-04-07',0.00),
('ordr@10008', 'epay@50008', 'ebay@10803', 'ebay@10803', 57.00, '2024-04-08',0.00),
('ordr@10009', 'epay@50009', 'ebay@90754', 'ebay@90754', 58.00, '2024-04-09',0.00),
('ordr@10010', 'epay@50010', 'ebay@90001', 'ebay@90001', 59.00, '2024-04-10',0.00),
('ordr@10011', 'epay@50011', 'ebay@10056', 'ebay@10056', 60.00, '2024-04-11',0.00),
('ordr@10012', 'epay@50012', 'ebay@16701', 'ebay@16701', 61.00, '2024-04-12',0.00),
('ordr@10013', 'epay@50013', 'ebay@70070', 'ebay@70070', 62.00, '2024-04-13',0.00),
('ordr@10014', 'epay@50014', 'ebay@45264', 'ebay@45264', 63.00, '2024-04-14',0.00),
('ordr@10015', 'epay@50015', 'ebay@23657', 'ebay@23657', 64.00, '2024-04-15',0.00),
('ordr@10016', 'epay@50016', 'ebay@26781', 'ebay@26781', 65.00, '2024-04-16',0.00),
('ordr@10017', 'epay@50017', 'ebay@68001', 'ebay@68001', 66.00, '2024-04-17',0.00),
('ordr@10018', 'epay@50018', 'ebay@13216', 'ebay@13216', 67.00, '2024-04-18',0.00),
('ordr@10019', 'epay@50019', 'ebay@10735', 'ebay@10735', 68.00, '2024-04-19',0.00),
('ordr@10020', 'epay@50020', 'ebay@56329', 'ebay@56329', 69.00, '2024-04-20',0.00),
('ordr@10021', 'epay@50021', 'ebay@10231', 'ebay@10231', 70.00, '2024-04-21',0.00),
('ordr@10022', 'epay@50022', 'ebay@10465', 'ebay@19801', 70.00, '2024-04-22',0.00),
('ordr@10023', 'epay@50023', 'ebay@10001', 'ebay@87654', 70.00, '2024-04-23',0.00),
('ordr@10024', 'epay@50024', 'ebay@12135', 'ebay@45610', 70.00, '2024-04-24',0.00),
('ordr@10025', 'epay@50025', 'ebay@24568', 'ebay@43523', 70.00, '2024-04-25',0.00);
 
--21)
INSERT INTO delivers (order_id, shipper_id) 
VALUES
('ordr@10001', 'shpr@00001'),
('ordr@10002', 'shpr@00002'),
('ordr@10003', 'shpr@00003'),
('ordr@10004', 'shpr@00004'),
('ordr@10005', 'shpr@00005'),
('ordr@10006', 'shpr@00006'),
('ordr@10007', 'shpr@00007'),
('ordr@10008', 'shpr@00008'),
('ordr@10009', 'shpr@00009'),
('ordr@10010', 'shpr@00010'),
('ordr@10011', 'shpr@00011'),
('ordr@10012', 'shpr@00012'),
('ordr@10013', 'shpr@00013'),
('ordr@10014', 'shpr@00014'),
('ordr@10015', 'shpr@00015'),
('ordr@10016', 'shpr@00016'),
('ordr@10017', 'shpr@00017'),
('ordr@10018', 'shpr@00018'),
('ordr@10019', 'shpr@00019'),
('ordr@10020', 'shpr@00020'),
('ordr@10021', 'shpr@00021'),
('ordr@10022', 'shpr@00022'),
('ordr@10023', 'shpr@00023'),
('ordr@10024', 'shpr@00024'),
('ordr@10025', 'shpr@00025');
 
--22)
INSERT INTO product_review (product_id, user_id, rating, comment)
VALUES
('item@12345', 'ebay@09872', 5, 'This product is great!'),
('item@45678', 'ebay@45610', 3, 'Average product, could be better.'),
('item@45678', 'ebay@45264', 2, 'Not as described, disappointed.'),
('item@45678', 'ebay@12135', 4, 'Quality could be improved.'),
('item@45678', 'ebay@10231', 3, 'Fairly good product.'),
('item@45678', 'ebay@70070', 4, 'Better than expected.'),
('item@67890', 'ebay@90754', 5, 'Impressive quality.'),
('item@67890', 'ebay@10465', 4, 'Met my expectations.'),
('item@89012', 'ebay@09872', 5, 'Amazing product, exceeded my expectations.'),
('item@89012', 'ebay@87654', 4, 'Good product, arrived on time.'),
('item@89012', 'ebay@65436', 3, 'Satisfied with the purchase, but packaging could be better.'),
('item@89012', 'ebay@43523', 3, 'Product quality is average.'),
('item@89012', 'ebay@23657', 4, 'Happy with the purchase.'),
('item@89012', 'ebay@12135', 5, 'Excellent product, highly recommended.'),
('item@09876', 'ebay@45610', 4, 'Better than I expected.'),
('item@09876', 'ebay@56329', 5, 'Great value for money.'),
('item@09876', 'ebay@45264', 3, 'Decent product for the price.'),
('item@09876', 'ebay@23657', 4, 'Great value for money.'),
('item@09876', 'ebay@12349', 4, 'Happy with the purchase.'),
('item@98765', 'ebay@70070', 5, 'Amazing product, exceeded my expectations.'),
('item@98765', 'ebay@10001', 4, 'Good product, arrived on time.'),
('item@98765', 'ebay@10231', 3, 'Satisfied with the purchase, but packaging could be better.'),
('item@98765', 'ebay@16701', 3, 'Product quality is average.'),
('item@98765', 'ebay@10056', 4, 'Happy with the purchase.'),
('item@98765', 'ebay@68001', 5, 'Excellent product, highly recommended.'),
('item@98765', 'ebay@19801', 4, 'Better than I expected.'),
('item@98765', 'ebay@10465', 3, 'Decent product for the price.'),
('item@65432', 'ebay@23657', 4, 'Great value for money.'),
('item@65432', 'ebay@12349', 5, 'Great value for money.'),
('item@43210', 'ebay@45610', 3, 'Product quality is average.'),
('item@43210', 'ebay@56329', 4, 'Happy with the purchase.'),
('item@43210', 'ebay@45264', 5, 'Excellent product, highly recommended.'),
('item@43210', 'ebay@23657', 4, 'Better than I expected.'),
('item@43210', 'ebay@12349', 3, 'Fairly good product.'),
('item@11111', 'ebay@45610', 4, 'Met my expectations.'),
('item@11111', 'ebay@56329', 5, 'Impressive quality.'),
('item@11111', 'ebay@45264', 3, 'Satisfied with the purchase, but packaging could be better.'),
('item@11111', 'ebay@23657', 4, 'Happy with the purchase.'),
('item@11111', 'ebay@12349', 5, 'Excellent product, highly recommended.'),
('item@11111', 'ebay@43523', 4, 'Good product, arrived on time.'),
('item@11111', 'ebay@24568', 3, 'Product quality is average.'),
('item@11111', 'ebay@65436', 4, 'Better than I expected.'),
('item@11111', 'ebay@87654', 5, 'Amazing product, exceeded my expectations.'),
('item@33333', 'ebay@56329', 4, 'Met my expectations.'),
('item@33333', 'ebay@45264', 5, 'Impressive quality.'),
('item@33333', 'ebay@23657', 3, 'Satisfied with the purchase, but packaging could be better.'),
('item@33333', 'ebay@12349', 4, 'Happy with the purchase.'),
('item@33333', 'ebay@43523', 5, 'Excellent product, highly recommended.'),
('item@66666', 'ebay@87654', 4, 'Good product, arrived on time.'),
('item@66666', 'ebay@09872', 3, 'Product quality is average.'),
('item@00011', 'ebay@70070', 4, 'Better than I expected.'),
('item@00011', 'ebay@10001', 5, 'Amazing product, exceeded my expectations.'),
('item@00011', 'ebay@10231', 4, 'Good product, arrived on time.'),
('item@00011', 'ebay@16701', 3, 'Decent product for the price.'),
('item@00011', 'ebay@10056', 4, 'Met my expectations.'),
('item@00011', 'ebay@68001', 5, 'Impressive quality.'),
('item@00011', 'ebay@19801', 4, 'Happy with the purchase.'),
('item@00011', 'ebay@10465', 3, 'Satisfied with the purchase, but packaging could be better.'),
('item@00011', 'ebay@90001', 4, 'Better than I expected.'),
('item@00011', 'ebay@26781', 5, 'Excellent product, highly recommended.'),
('item@00011', 'ebay@10735', 4, 'Good product, arrived on time.'),
('item@00011', 'ebay@10803', 3, 'Product quality is average.'),
('item@00011', 'ebay@12135', 4, 'Met my expectations.'),
('item@00011', 'ebay@90754', 5, 'Impressive quality.'),
('item@00011', 'ebay@13216', 4, 'Happy with the purchase.'),
('item@33344', 'ebay@45610', 3, 'Decent product for the price.'),
('item@33344', 'ebay@56329', 4, 'Satisfied with the purchase, but packaging could be better.'),
('item@33344', 'ebay@45264', 5, 'Better than I expected.'),
('item@33344', 'ebay@23657', 4, 'Met my expectations.'),
('item@66688', 'ebay@70070', 5, 'Amazing product, exceeded my expectations.'),
('item@66688', 'ebay@10001', 4, 'Good product, arrived on time.'),
('item@66688', 'ebay@10231', 3, 'Decent product for the price.'),
('item@00033', 'ebay@45610', 4, 'Better than I expected.'),
('item@00033', 'ebay@56329', 5, 'Great value for money.'),
('item@00033', 'ebay@45264', 3, 'Satisfied with the purchase, but packaging could be better.'),
('item@00033', 'ebay@23657', 4, 'Happy with the purchase.'),
('item@66699', 'ebay@65436', 3, 'Product quality is average.'),
('item@66699', 'ebay@87654', 4, 'Better than I expected.'),
('item@66699', 'ebay@09872', 5, 'Excellent product, highly recommended.'),
('item@33377', 'ebay@45610', 4, 'Met my expectations.'),
('item@33377', 'ebay@56329', 3, 'Decent product for the price.'),
('item@33377', 'ebay@45264', 4, 'Happy with the purchase.'),
('item@33377', 'ebay@23657', 5, 'Impressive quality.'),
('item@33377', 'ebay@12349', 4, 'Good product, arrived on time.'),
('item@99933', 'ebay@09872', 3, 'Satisfied with the purchase, but packaging could be better.'),
('item@33399', 'ebay@24568', 4, 'Met my expectations.'),
('item@33399', 'ebay@65436', 5, 'Happy with the purchase.'),
('item@33399', 'ebay@87654', 3, 'Decent product for the price.'),
('item@33399', 'ebay@09872', 4, 'Good product, arrived on time.'),
('item@22299', 'ebay@45610', 5, 'Amazing product, exceeded my expectations.'),
('item@22299', 'ebay@56329', 4, 'Great value for money.'),
('item@22299', 'ebay@45264', 3, 'Satisfied with the purchase, but packaging could be better.'),
('item@22299', 'ebay@23657', 4, 'Happy with the purchase.'),
('item@22299', 'ebay@12349', 5, 'Excellent product, highly recommended.'),
('item@22299', 'ebay@43523', 4, 'Good product, arrived on time.'),
('item@11199', 'ebay@45610', 3, 'Decent product for the price.'),
('item@11199', 'ebay@56329', 4, 'Satisfied with the purchase, but packaging could be better.'),
('item@11199', 'ebay@45264', 5, 'Better than I expected.'),
('item@88888', 'ebay@45610', 4, 'Met my expectations.'),
('item@88888', 'ebay@56329', 5, 'Impressive quality.'),
('item@88888', 'ebay@45264', 3, 'Satisfied with the purchase, but packaging could be better.'),
('item@88888', 'ebay@23657', 4, 'Happy with the purchase.'),
('item@88888', 'ebay@12349', 5, 'Excellent product, highly recommended.'),
('item@77777', 'ebay@45610', 4, 'Good product, arrived on time.'),
('item@77777', 'ebay@56329', 5, 'Amazing product, exceeded my expectations.'),
('item@77777', 'ebay@45264', 3, 'Decent product for the price.'),
('item@77777', 'ebay@23657', 4, 'Satisfied with the purchase, but packaging could be better.'),
('item@11133', 'ebay@45610', 5, 'Better than I expected.'),
('item@11133', 'ebay@56329', 4, 'Great value for money.'),
('item@22244', 'ebay@45264', 3, 'Satisfied with the purchase, but packaging could be better.'),
('item@22244', 'ebay@23657', 4, 'Happy with the purchase.'),
('item@22244', 'ebay@12349', 5, 'Excellent product, highly recommended.'),
('item@55588', 'ebay@45610', 4, 'Met my expectations.'),
('item@55588', 'ebay@56329', 5, 'Impressive quality.'),
('item@55588', 'ebay@45264', 3, 'Satisfied with the purchase, but packaging could be better.'),
('item@55588', 'ebay@23657', 4, 'Happy with the purchase.');
 
--23)
INSERT INTO product_image (product_id,image_url) 
VALUES
('item@11166', 'https://g.co/about/trsh1.all'),
('item@90020', 'https://g.co/about/trsh2.all'),
('item@77733', 'https://g.co/about/trsh3.all'),
('item@04560', 'https://g.co/about/trsh4.all'),
('item@07090', 'https://g.co/about/trsh5.all'),
('item@55544', 'https://g.co/about/trsh6.all'),
('item@77700', 'https://g.co/about/trsh7.all'),
('item@08000', 'https://g.co/about/trsh8.all'),
('item@09876', 'https://g.co/about/trsh9.all'),
('item@50709', 'https://g.co/about/trsh10.all'),
('item@55533', 'https://g.co/about/trsh11.all'),
('item@06897', 'https://g.co/about/trsh12.all'),
('item@87898', 'https://g.co/about/trsh13.all'),
('item@44466', 'https://g.co/about/trsh14.all'),
('item@40407', 'https://g.co/about/trsh15.all'),
('item@00055', 'https://g.co/about/trsh16.all'),
('item@33333', 'https://g.co/about/trsh17.all'),
('item@77755', 'https://g.co/about/trsh18.all'),
('item@58788', 'https://g.co/about/trsh19.all'),
('item@88822', 'https://g.co/about/trsh20.all'),
('item@54321', 'https://g.co/about/trsh21.all'),
('item@40608', 'https://g.co/about/trsh22.all'),
('item@90009', 'https://g.co/about/trsh23.all'),
('item@43210', 'https://g.co/about/trsh24.all'),
('item@30567', 'https://g.co/about/trsh25.all'),
('item@70707', 'https://g.co/about/trsh26.all'),
('item@33399', 'https://g.co/about/trsh27.all'),
('item@44488', 'https://g.co/about/trsh28.all'),
('item@99990', 'https://g.co/about/trsh29.all'),
('item@40678', 'https://g.co/about/trsh30.all'),
('item@78901', 'https://g.co/about/trsh31.all'),
('item@01230', 'https://g.co/about/trsh32.all'),
('item@00044', 'https://g.co/about/trsh33.all'),
('item@90326', 'https://g.co/about/trsh34.all'),
('item@67090', 'https://g.co/about/trsh35.all'),
('item@30507', 'https://g.co/about/trsh36.all'),
('item@80808', 'https://g.co/about/trsh37.all'),
('item@20456', 'https://g.co/about/trsh38.all'),
('item@88844', 'https://g.co/about/trsh39.all'),
('item@90103', 'https://g.co/about/trsh40.all'),
('item@00011', 'https://g.co/about/trsh41.all'),
('item@60800', 'https://g.co/about/trsh42.all'),
('item@56789', 'https://g.co/about/trsh43.all'),
('item@45070', 'https://g.co/about/trsh44.all'),
('item@00022', 'https://g.co/about/trsh45.all'),
('item@08991', 'https://g.co/about/trsh46.all'),
('item@07608', 'https://g.co/about/trsh47.all'),
('item@66677', 'https://g.co/about/trsh48.all'),
('item@05066', 'https://g.co/about/trsh49.all'),
('item@44400', 'https://g.co/about/trsh50.all'),
('item@69690', 'https://g.co/about/trsh51.all'),
('item@16162', 'https://g.co/about/trsh52.all'),
('item@07890', 'https://g.co/about/trsh53.all'),
('item@70007', 'https://g.co/about/trsh54.all'),
('item@09093', 'https://g.co/about/trsh55.all'),
('item@44422', 'https://g.co/about/trsh56.all'),
('item@70900', 'https://g.co/about/trsh57.all'),
('item@55588', 'https://g.co/about/trsh58.all'),
('item@03450', 'https://g.co/about/trsh59.all'),
('item@11111', 'https://g.co/about/trsh60.all'),
('item@88800', 'https://g.co/about/trsh61.all'),
('item@40004', 'https://g.co/about/trsh62.all'),
('item@01030', 'https://g.co/about/trsh63.all'),
('item@11199', 'https://g.co/about/trsh64.all'),
('item@66666', 'https://g.co/about/trsh65.all'),
('item@67888', 'https://g.co/about/trsh66.all'),
('item@55566', 'https://g.co/about/trsh67.all'),
('item@10340', 'https://g.co/about/trsh68.all'),
('item@50005', 'https://g.co/about/trsh69.all'),
('item@22266', 'https://g.co/about/trsh70.all'),
('item@22244', 'https://g.co/about/trsh71.all'),
('item@01234', 'https://g.co/about/trsh72.all'),
('item@33355', 'https://g.co/about/trsh73.all'),
('item@30303', 'https://g.co/about/trsh74.all'),
('item@66699', 'https://g.co/about/trsh75.all'),
('item@11133', 'https://g.co/about/trsh76.all'),
('item@34567', 'https://g.co/about/trsh77.all'),
('item@77777', 'https://g.co/about/trsh78.all'),
('item@10390', 'https://g.co/about/trsh79.all'),
('item@70901', 'https://g.co/about/trsh80.all'),
('item@02152', 'https://g.co/about/trsh81.all'),
('item@33344', 'https://g.co/about/trsh82.all'),
('item@77711', 'https://g.co/about/trsh83.all'),
('item@00066', 'https://g.co/about/trsh84.all'),
('item@10001', 'https://g.co/about/trsh85.all'),
('item@88811', 'https://g.co/about/trsh86.all'),
('item@18142', 'https://g.co/about/trsh87.all'),
('item@44044', 'https://g.co/about/trsh88.all'),
('item@44444', 'https://g.co/about/trsh89.all'),
('item@62940', 'https://g.co/about/trsh90.all'),
('item@90120', 'https://g.co/about/trsh91.all'),
('item@11188', 'https://g.co/about/trsh92.all'),
('item@33366', 'https://g.co/about/trsh93.all'),
('item@89012', 'https://g.co/about/trsh94.all'),
('item@65686', 'https://g.co/about/trsh95.all'),
('item@62646', 'https://g.co/about/trsh96.all'),
('item@00000', 'https://g.co/about/trsh97.all'),
('item@01022', 'https://g.co/about/trsh98.all'),
('item@76543', 'https://g.co/about/trsh99.all'),
('item@55555', 'https://g.co/about/trsh100.all'),
('item@11144', 'https://g.co/about/trsh101.all'),
('item@00033', 'https://g.co/about/trsh102.all'),
('item@09010', 'https://g.co/about/trsh103.all'),
('item@88877', 'https://g.co/about/trsh104.all'),
('item@63667', 'https://g.co/about/trsh105.all'),
('item@55577', 'https://g.co/about/trsh106.all'),
('item@22288', 'https://g.co/about/trsh107.all'),
('item@00340', 'https://g.co/about/trsh108.all'),
('item@08900', 'https://g.co/about/trsh109.all'),
('item@56080', 'https://g.co/about/trsh110.all'),
('item@99922', 'https://g.co/about/trsh111.all'),
('item@04060', 'https://g.co/about/trsh112.all'),
('item@99999', 'https://g.co/about/trsh113.all'),
('item@02340', 'https://g.co/about/trsh114.all'),
('item@50505', 'https://g.co/about/trsh115.all'),
('item@11100', 'https://g.co/about/trsh116.all'),
('item@88833', 'https://g.co/about/trsh117.all'),
('item@77799', 'https://g.co/about/trsh118.all'),
('item@33388', 'https://g.co/about/trsh119.all'),
('item@50508', 'https://g.co/about/trsh120.all'),
('item@24263', 'https://g.co/about/trsh121.all'),
('item@66688', 'https://g.co/about/trsh122.all'),
('item@77766', 'https://g.co/about/trsh123.all'),
('item@88888', 'https://g.co/about/trsh124.all'),
('item@98765', 'https://g.co/about/trsh125.all'),
('item@99988', 'https://g.co/about/trsh126.all'),
('item@99911', 'https://g.co/about/trsh127.all'),
('item@33377', 'https://g.co/about/trsh128.all'),
('item@89010', 'https://g.co/about/trsh129.all'),
('item@00077', 'https://g.co/about/trsh130.all'),
('item@66611', 'https://g.co/about/trsh131.all'),
('item@63753', 'https://g.co/about/trsh132.all'),
('item@80008', 'https://g.co/about/trsh133.all'),
('item@99944', 'https://g.co/about/trsh134.all'),
('item@59809', 'https://g.co/about/trsh135.all'),
('item@77788', 'https://g.co/about/trsh136.all'),
('item@65432', 'https://g.co/about/trsh137.all'),
('item@80002', 'https://g.co/about/trsh138.all'),
('item@44499', 'https://g.co/about/trsh139.all'),
('item@20406', 'https://g.co/about/trsh140.all'),
('item@22277', 'https://g.co/about/trsh141.all'),
('item@01204', 'https://g.co/about/trsh142.all'),
('item@77722', 'https://g.co/about/trsh143.all'),
('item@23456', 'https://g.co/about/trsh144.all'),
('item@44477', 'https://g.co/about/trsh145.all'),
('item@60890', 'https://g.co/about/trsh146.all'),
('item@44455', 'https://g.co/about/trsh147.all'),
('item@87654', 'https://g.co/about/trsh148.all'),
('item@61626', 'https://g.co/about/trsh149.all'),
('item@50789', 'https://g.co/about/trsh150.all'),
('item@55500', 'https://g.co/about/trsh151.all'),
('item@22211', 'https://g.co/about/trsh152.all'),
('item@22255', 'https://g.co/about/trsh153.all'),
('item@00204', 'https://g.co/about/trsh154.all'),
('item@90711', 'https://g.co/about/trsh155.all'),
('item@05507', 'https://g.co/about/trsh156.all'),
('item@48608', 'https://g.co/about/trsh157.all'),
('item@88899', 'https://g.co/about/trsh158.all'),
('item@22222', 'https://g.co/about/trsh159.all'),
('item@45678', 'https://g.co/about/trsh160.all'),
('item@31340', 'https://g.co/about/trsh161.all'),
('item@60006', 'https://g.co/about/trsh162.all'),
('item@63656', 'https://g.co/about/trsh163.all'),
('item@55599', 'https://g.co/about/trsh164.all'),
('item@99900', 'https://g.co/about/trsh165.all'),
('item@79017', 'https://g.co/about/trsh166.all'),
('item@12345', 'https://g.co/about/trsh167.all'),
('item@33322', 'https://g.co/about/trsh168.all'),
('item@00099', 'https://g.co/about/trsh169.all'),
('item@04563', 'https://g.co/about/trsh170.all'),
('item@06780', 'https://g.co/about/trsh171.all'),
('item@20002', 'https://g.co/about/trsh172.all'),
('item@10305', 'https://g.co/about/trsh173.all'),
('item@99955', 'https://g.co/about/trsh174.all'),
('item@67890', 'https://g.co/about/trsh175.all'),
('item@11122', 'https://g.co/about/trsh176.all'),
('item@09012', 'https://g.co/about/trsh177.all'),
('item@99977', 'https://g.co/about/trsh178.all'),
('item@04050', 'https://g.co/about/trsh179.all'),
('item@66655', 'https://g.co/about/trsh180.all'),
('item@29450', 'https://g.co/about/trsh181.all'),
('item@78707', 'https://g.co/about/trsh182.all'),
('item@05670', 'https://g.co/about/trsh183.all'),
('item@90100', 'https://g.co/about/trsh184.all'),
('item@22233', 'https://g.co/about/trsh185.all'),
('item@00088', 'https://g.co/about/trsh186.all'),
('item@99933', 'https://g.co/about/trsh187.all'),
('item@78730', 'https://g.co/about/trsh188.all'),
('item@66600', 'https://g.co/about/trsh189.all'),
('item@90123', 'https://g.co/about/trsh190.all'),
('item@11177', 'https://g.co/about/trsh191.all'),
('item@44433', 'https://g.co/about/trsh192.all'),
('item@55511', 'https://g.co/about/trsh193.all'),
('item@39507', 'https://g.co/about/trsh194.all'),
('item@66644', 'https://g.co/about/trsh195.all'),
('item@68490', 'https://g.co/about/trsh196.all'),
('item@66786', 'https://g.co/about/trsh197.all'),
('item@66066', 'https://g.co/about/trsh198.all'),
('item@30003', 'https://g.co/about/trsh199.all'),
('item@20006', 'https://g.co/about/trsh200.all'),
('item@88866', 'https://g.co/about/trsh201.all'),
('item@00001', 'https://g.co/about/trsh202.all'),
('item@22299', 'https://g.co/about/trsh203.all'),
('item@11155', 'https://g.co/about/trsh204.all'),
('item@50522', 'https://g.co/about/trsh205.all'),
('item@78000', 'https://g.co/about/trsh206.all'),
('item@20202', 'https://g.co/about/trsh207.all'),
('item@11166', 'https://g.co/about/trsh500.all'),
('item@90020', 'https://g.co/about/trsh501.all'),
('item@77733', 'https://g.co/about/trsh502.all'),
('item@04560', 'https://g.co/about/trsh503.all'),
('item@07090', 'https://g.co/about/trsh504.all'),
('item@55544', 'https://g.co/about/trsh505.all'),
('item@77700', 'https://g.co/about/trsh506.all'),
('item@08000', 'https://g.co/about/trsh507.all'),
('item@09876', 'https://g.co/about/trsh508.all'),
('item@50709', 'https://g.co/about/trsh509.all'),
('item@55533', 'https://g.co/about/trsh510.all'),
('item@06897', 'https://g.co/about/trsh511.all'),
('item@87898', 'https://g.co/about/trsh512.all'),
('item@44466', 'https://g.co/about/trsh513.all'),
('item@40407', 'https://g.co/about/trsh514.all'),
('item@00055', 'https://g.co/about/trsh515.all'),
('item@33333', 'https://g.co/about/trsh516.all'),
('item@77755', 'https://g.co/about/trsh517.all'),
('item@58788', 'https://g.co/about/trsh518.all'),
('item@88822', 'https://g.co/about/trsh519.all'),
('item@54321', 'https://g.co/about/trsh520.all'),
('item@40608', 'https://g.co/about/trsh521.all'),
('item@90009', 'https://g.co/about/trsh522.all'),
('item@43210', 'https://g.co/about/trsh523.all'),
('item@30567', 'https://g.co/about/trsh524.all'),
('item@70707', 'https://g.co/about/trsh525.all'),
('item@33399', 'https://g.co/about/trsh526.all'),
('item@44488', 'https://g.co/about/trsh527.all'),
('item@99990', 'https://g.co/about/trsh528.all'),
('item@40678', 'https://g.co/about/trsh529.all'),
('item@78901', 'https://g.co/about/trsh530.all'),
('item@01230', 'https://g.co/about/trsh531.all'),
('item@00044', 'https://g.co/about/trsh532.all'),
('item@90326', 'https://g.co/about/trsh533.all'),
('item@67090', 'https://g.co/about/trsh534.all'),
('item@30507', 'https://g.co/about/trsh535.all'),
('item@80808', 'https://g.co/about/trsh536.all'),
('item@20456', 'https://g.co/about/trsh537.all'),
('item@88844', 'https://g.co/about/trsh538.all'),
('item@90103', 'https://g.co/about/trsh539.all'),
('item@00011', 'https://g.co/about/trsh540.all'),
('item@60800', 'https://g.co/about/trsh541.all'),
('item@56789', 'https://g.co/about/trsh542.all'),
('item@45070', 'https://g.co/about/trsh543.all'),
('item@00022', 'https://g.co/about/trsh544.all'),
('item@08991', 'https://g.co/about/trsh545.all'),
('item@07608', 'https://g.co/about/trsh546.all'),
('item@66677', 'https://g.co/about/trsh547.all'),
('item@05066', 'https://g.co/about/trsh548.all'),
('item@44400', 'https://g.co/about/trsh549.all'),
('item@69690', 'https://g.co/about/trsh550.all'),
('item@16162', 'https://g.co/about/trsh551.all'),
('item@07890', 'https://g.co/about/trsh552.all'),
('item@70007', 'https://g.co/about/trsh553.all'),
('item@09093', 'https://g.co/about/trsh554.all'),
('item@44422', 'https://g.co/about/trsh555.all'),
('item@70900', 'https://g.co/about/trsh556.all'),
('item@55588', 'https://g.co/about/trsh557.all'),
('item@03450', 'https://g.co/about/trsh558.all'),
('item@11111', 'https://g.co/about/trsh559.all'),
('item@88800', 'https://g.co/about/trsh560.all'),
('item@40004', 'https://g.co/about/trsh561.all'),
('item@01030', 'https://g.co/about/trsh562.all'),
('item@11199', 'https://g.co/about/trsh563.all'),
('item@66666', 'https://g.co/about/trsh564.all'),
('item@67888', 'https://g.co/about/trsh565.all'),
('item@55566', 'https://g.co/about/trsh566.all'),
('item@10340', 'https://g.co/about/trsh567.all'),
('item@50005', 'https://g.co/about/trsh568.all'),
('item@22266', 'https://g.co/about/trsh569.all'),
('item@22244', 'https://g.co/about/trsh570.all'),
('item@01234', 'https://g.co/about/trsh571.all'),
('item@33355', 'https://g.co/about/trsh572.all'),
('item@30303', 'https://g.co/about/trsh573.all'),
('item@66699', 'https://g.co/about/trsh574.all'),
('item@11133', 'https://g.co/about/trsh575.all'),
('item@34567', 'https://g.co/about/trsh576.all'),
('item@77777', 'https://g.co/about/trsh577.all'),
('item@10390', 'https://g.co/about/trsh578.all'),
('item@70901', 'https://g.co/about/trsh579.all'),
('item@02152', 'https://g.co/about/trsh580.all'),
('item@33344', 'https://g.co/about/trsh581.all'),
('item@77711', 'https://g.co/about/trsh582.all'),
('item@00066', 'https://g.co/about/trsh583.all'),
('item@10001', 'https://g.co/about/trsh584.all'),
('item@88811', 'https://g.co/about/trsh585.all'),
('item@18142', 'https://g.co/about/trsh586.all'),
('item@44044', 'https://g.co/about/trsh587.all'),
('item@44444', 'https://g.co/about/trsh588.all'),
('item@62940', 'https://g.co/about/trsh589.all'),
('item@90120', 'https://g.co/about/trsh590.all'),
('item@11188', 'https://g.co/about/trsh591.all'),
('item@33366', 'https://g.co/about/trsh592.all'),
('item@89012', 'https://g.co/about/trsh593.all'),
('item@65686', 'https://g.co/about/trsh594.all'),
('item@62646', 'https://g.co/about/trsh595.all'),
('item@00000', 'https://g.co/about/trsh596.all'),
('item@01022', 'https://g.co/about/trsh597.all'),
('item@76543', 'https://g.co/about/trsh598.all'),
('item@55555', 'https://g.co/about/trsh599.all'),
('item@11144', 'https://g.co/about/trsh600.all'),
('item@00033', 'https://g.co/about/trsh601.all'),
('item@09010', 'https://g.co/about/trsh602.all'),
('item@88877', 'https://g.co/about/trsh603.all'),
('item@63667', 'https://g.co/about/trsh604.all'),
('item@55577', 'https://g.co/about/trsh605.all'),
('item@22288', 'https://g.co/about/trsh606.all'),
('item@00340', 'https://g.co/about/trsh607.all'),
('item@08900', 'https://g.co/about/trsh608.all'),
('item@56080', 'https://g.co/about/trsh609.all'),
('item@99922', 'https://g.co/about/trsh610.all'),
('item@04060', 'https://g.co/about/trsh611.all'),
('item@99999', 'https://g.co/about/trsh612.all'),
('item@02340', 'https://g.co/about/trsh613.all'),
('item@50505', 'https://g.co/about/trsh614.all'),
('item@11100', 'https://g.co/about/trsh615.all'),
('item@88833', 'https://g.co/about/trsh616.all'),
('item@77799', 'https://g.co/about/trsh617.all'),
('item@33388', 'https://g.co/about/trsh618.all'),
('item@50508', 'https://g.co/about/trsh619.all'),
('item@24263', 'https://g.co/about/trsh620.all'),
('item@66688', 'https://g.co/about/trsh621.all'),
('item@77766', 'https://g.co/about/trsh622.all'),
('item@88888', 'https://g.co/about/trsh623.all'),
('item@98765', 'https://g.co/about/trsh624.all'),
('item@99988', 'https://g.co/about/trsh625.all'),
('item@99911', 'https://g.co/about/trsh626.all'),
('item@33377', 'https://g.co/about/trsh627.all'),
('item@89010', 'https://g.co/about/trsh628.all'),
('item@00077', 'https://g.co/about/trsh629.all'),
('item@66611', 'https://g.co/about/trsh630.all'),
('item@63753', 'https://g.co/about/trsh631.all'),
('item@80008', 'https://g.co/about/trsh632.all'),
('item@99944', 'https://g.co/about/trsh633.all'),
('item@59809', 'https://g.co/about/trsh634.all'),
('item@77788', 'https://g.co/about/trsh635.all'),
('item@65432', 'https://g.co/about/trsh636.all'),
('item@80002', 'https://g.co/about/trsh637.all'),
('item@44499', 'https://g.co/about/trsh638.all'),
('item@20406', 'https://g.co/about/trsh639.all'),
('item@22277', 'https://g.co/about/trsh640.all'),
('item@01204', 'https://g.co/about/trsh641.all'),
('item@77722', 'https://g.co/about/trsh642.all'),
('item@23456', 'https://g.co/about/trsh643.all'),
('item@44477', 'https://g.co/about/trsh644.all'),
('item@60890', 'https://g.co/about/trsh645.all'),
('item@44455', 'https://g.co/about/trsh646.all'),
('item@87654', 'https://g.co/about/trsh647.all'),
('item@61626', 'https://g.co/about/trsh648.all'),
('item@50789', 'https://g.co/about/trsh649.all'),
('item@55500', 'https://g.co/about/trsh650.all'),
('item@22211', 'https://g.co/about/trsh651.all'),
('item@22255', 'https://g.co/about/trsh652.all'),
('item@00204', 'https://g.co/about/trsh653.all'),
('item@90711', 'https://g.co/about/trsh654.all'),
('item@05507', 'https://g.co/about/trsh655.all'),
('item@48608', 'https://g.co/about/trsh656.all'),
('item@88899', 'https://g.co/about/trsh657.all'),
('item@22222', 'https://g.co/about/trsh658.all'),
('item@45678', 'https://g.co/about/trsh659.all'),
('item@31340', 'https://g.co/about/trsh660.all'),
('item@60006', 'https://g.co/about/trsh661.all'),
('item@63656', 'https://g.co/about/trsh662.all'),
('item@55599', 'https://g.co/about/trsh663.all'),
('item@99900', 'https://g.co/about/trsh664.all'),
('item@79017', 'https://g.co/about/trsh665.all'),
('item@12345', 'https://g.co/about/trsh666.all'),
('item@33322', 'https://g.co/about/trsh667.all'),
('item@00099', 'https://g.co/about/trsh668.all'),
('item@04563', 'https://g.co/about/trsh669.all'),
('item@06780', 'https://g.co/about/trsh670.all'),
('item@20002', 'https://g.co/about/trsh671.all'),
('item@10305', 'https://g.co/about/trsh672.all'),
('item@99955', 'https://g.co/about/trsh673.all'),
('item@67890', 'https://g.co/about/trsh674.all'),
('item@11122', 'https://g.co/about/trsh675.all'),
('item@09012', 'https://g.co/about/trsh676.all'),
('item@99977', 'https://g.co/about/trsh677.all'),
('item@04050', 'https://g.co/about/trsh678.all'),
('item@66655', 'https://g.co/about/trsh679.all'),
('item@29450', 'https://g.co/about/trsh680.all'),
('item@78707', 'https://g.co/about/trsh681.all'),
('item@05670', 'https://g.co/about/trsh682.all'),
('item@90100', 'https://g.co/about/trsh683.all'),
('item@22233', 'https://g.co/about/trsh684.all'),
('item@00088', 'https://g.co/about/trsh685.all'),
('item@99933', 'https://g.co/about/trsh686.all'),
('item@78730', 'https://g.co/about/trsh687.all'),
('item@66600', 'https://g.co/about/trsh688.all'),
('item@90123', 'https://g.co/about/trsh689.all'),
('item@11177', 'https://g.co/about/trsh690.all'),
('item@44433', 'https://g.co/about/trsh691.all'),
('item@55511', 'https://g.co/about/trsh692.all'),
('item@39507', 'https://g.co/about/trsh693.all'),
('item@66644', 'https://g.co/about/trsh694.all'),
('item@68490', 'https://g.co/about/trsh695.all'),
('item@66786', 'https://g.co/about/trsh696.all'),
('item@66066', 'https://g.co/about/trsh697.all'),
('item@30003', 'https://g.co/about/trsh698.all'),
('item@20006', 'https://g.co/about/trsh699.all'),
('item@88866', 'https://g.co/about/trsh700.all'),
('item@00001', 'https://g.co/about/trsh701.all'),
('item@22299', 'https://g.co/about/trsh702.all'),
('item@11155', 'https://g.co/about/trsh703.all'),
('item@50522', 'https://g.co/about/trsh704.all'),
('item@78000', 'https://g.co/about/trsh705.all'),
('item@20202', 'https://g.co/about/trsh706.all');
 
--24)
INSERT INTO shipping_status (tracking_id, delivered_date, delivery_status, est_delivery_date, order_id) 
VALUES 
('trck70001', '2024-04-05', 'shipped', '2024-04-04', 'ordr@10001'),
('trck70002', '2024-04-06', 'out for delivery', '2024-04-05', 'ordr@10002'),
('trck70003', '2024-04-07', 'delivered', '2024-04-06', 'ordr@10003'),
('trck70004', '2024-04-08', 'shipped', '2024-04-07', 'ordr@10004'),
('trck70005', '2024-04-09', 'out for delivery', '2024-04-08', 'ordr@10005'),
('trck70006', '2024-04-10', 'delivered', '2024-04-09', 'ordr@10006'),
('trck70007', '2024-04-11', 'shipped', '2024-04-10', 'ordr@10007'),
('trck70008', '2024-04-12', 'out for delivery', '2024-04-11', 'ordr@10008'),
('trck70009', '2024-04-13', 'delivered', '2024-04-12', 'ordr@10009'),
('trck70010', '2024-04-14', 'shipped', '2024-04-13', 'ordr@10010'),
('trck70011', '2024-04-15', 'out for delivery', '2024-04-14', 'ordr@10011'),
('trck70012', '2024-04-16', 'delivered', '2024-04-15', 'ordr@10012'),
('trck70013', '2024-04-17', 'shipped', '2024-04-16', 'ordr@10013'),
('trck70014', '2024-04-18', 'out for delivery', '2024-04-17', 'ordr@10014'),
('trck70015', '2024-04-19', 'delivered', '2024-04-18', 'ordr@10015'),
('trck70016', '2024-04-20', 'shipped', '2024-04-19', 'ordr@10016'),
('trck70017', '2024-04-21', 'out for delivery', '2024-04-20', 'ordr@10017'),
('trck70018', '2024-04-22', 'delivered', '2024-04-21', 'ordr@10018'),
('trck70019', '2024-04-23', 'shipped', '2024-04-22', 'ordr@10019'),
('trck70020', '2024-04-24', 'out for delivery', '2024-04-23', 'ordr@10020'),
('trck70021', '2024-04-25', 'delivered', '2024-04-24', 'ordr@10021'),
('trck70022', '2024-04-26', 'shipped', '2024-04-25', 'ordr@10022'),
('trck70023', '2024-04-27', 'out for delivery', '2024-04-26', 'ordr@10023'),
('trck70024', '2024-04-28', 'delivered', '2024-04-27', 'ordr@10024'),
('trck70025', '2024-04-29', 'shipped', '2024-04-28', 'ordr@10025');
 
--25)
INSERT INTO has_order (order_id, product_id)
VALUES 
('ordr@10001', 'item@11166'),
('ordr@10001', 'item@90020'),
('ordr@10001', 'item@77733'),
('ordr@10001', 'item@04560'),
('ordr@10001', 'item@07090'),
('ordr@10002', 'item@55544'),
('ordr@10002', 'item@77700'),
('ordr@10002', 'item@08000'),
('ordr@10002', 'item@09876'),
('ordr@10002', 'item@50709'),
('ordr@10003', 'item@55533'),
('ordr@10003', 'item@06897'),
('ordr@10003', 'item@87898'),
('ordr@10003', 'item@44466'),
('ordr@10003', 'item@40407'),
('ordr@10004', 'item@00055'),
('ordr@10004', 'item@33333'),
('ordr@10004', 'item@77755'),
('ordr@10004', 'item@58788'),
('ordr@10004', 'item@88822'),
('ordr@10005', 'item@54321'),
('ordr@10005', 'item@40608'),
('ordr@10005', 'item@90009'),
('ordr@10005', 'item@43210'),
('ordr@10005', 'item@30567'),
('ordr@10006', 'item@70707'),
('ordr@10006', 'item@33399'),
('ordr@10006', 'item@44488'),
('ordr@10006', 'item@99990'),
('ordr@10006', 'item@40678'),
('ordr@10007', 'item@78901'),
('ordr@10007', 'item@01230'),
('ordr@10007', 'item@00044'),
('ordr@10007', 'item@90326'),
('ordr@10007', 'item@67090'),
('ordr@10008', 'item@30507'),
('ordr@10008', 'item@80808'),
('ordr@10008', 'item@20456'),
('ordr@10008', 'item@88844'),
('ordr@10008', 'item@90103'),
('ordr@10009', 'item@00011'),
('ordr@10009', 'item@60800'),
('ordr@10009', 'item@56789'),
('ordr@10009', 'item@45070'),
('ordr@10009', 'item@00022'),
('ordr@10010', 'item@08991'),
('ordr@10010', 'item@07608'),
('ordr@10010', 'item@66677'),
('ordr@10010', 'item@05066'),
('ordr@10010', 'item@44400'),
('ordr@10011', 'item@69690'),
('ordr@10011', 'item@16162'),
('ordr@10011', 'item@07890'),
('ordr@10011', 'item@70007'),
('ordr@10011', 'item@09093'),
('ordr@10012', 'item@44422'),
('ordr@10012', 'item@70900'),
('ordr@10012', 'item@55588'),
('ordr@10012', 'item@03450'),
('ordr@10012', 'item@11111'),
('ordr@10013', 'item@88800'),
('ordr@10013', 'item@40004'),
('ordr@10013', 'item@01030'),
('ordr@10013', 'item@11199'),
('ordr@10013', 'item@66666'),
('ordr@10014', 'item@67888'),
('ordr@10014', 'item@55566'),
('ordr@10014', 'item@10340'),
('ordr@10014', 'item@50005'),
('ordr@10014', 'item@22266'),
('ordr@10015', 'item@22244'),
('ordr@10015', 'item@01234'),
('ordr@10015', 'item@33355'),
('ordr@10015', 'item@30303'),
('ordr@10015', 'item@66699'),
('ordr@10016', 'item@11133'),
('ordr@10016', 'item@34567'),
('ordr@10016', 'item@77777'),
('ordr@10016', 'item@10390'),
('ordr@10016', 'item@70901'),
('ordr@10017', 'item@02152'),
('ordr@10017', 'item@33344'),
('ordr@10017', 'item@77711'),
('ordr@10017', 'item@00066'),
('ordr@10017', 'item@10001'),
('ordr@10018', 'item@88811'),
('ordr@10018', 'item@18142'),
('ordr@10018', 'item@44044'),
('ordr@10018', 'item@44444'),
('ordr@10018', 'item@62940'),
('ordr@10019', 'item@90120'),
('ordr@10019', 'item@11188'),
('ordr@10019', 'item@33366'),
('ordr@10019', 'item@89012'),
('ordr@10019', 'item@65686'),
('ordr@10020', 'item@62646'),
('ordr@10020', 'item@00000'),
('ordr@10020', 'item@01022'),
('ordr@10020', 'item@76543'),
('ordr@10020', 'item@55555'),
('ordr@10021', 'item@11144'),
('ordr@10021', 'item@00033'),
('ordr@10021', 'item@09010'),
('ordr@10021', 'item@88877'),
('ordr@10021', 'item@63667'),
('ordr@10022', 'item@55577'),
('ordr@10022', 'item@22288'),
('ordr@10022', 'item@00340'),
('ordr@10022', 'item@08900'),
('ordr@10022', 'item@56080'),
('ordr@10023', 'item@99922'),
('ordr@10023', 'item@04060'),
('ordr@10023', 'item@99999'),
('ordr@10023', 'item@02340'),
('ordr@10023', 'item@50505'),
('ordr@10024', 'item@11100'),
('ordr@10024', 'item@88833'),
('ordr@10024', 'item@77799'),
('ordr@10024', 'item@33388'),
('ordr@10024', 'item@50508'),
('ordr@10025', 'item@24263'),
('ordr@10025', 'item@66688'),
('ordr@10025', 'item@77766'),
('ordr@10025', 'item@88888'),
('ordr@10025', 'item@98765');
 
--26)
INSERT INTO user_phone(user_id,phone_number)
VALUES
('ebay@70070', '9167528436'),
('ebay@10001', '9738546210'),
('ebay@10231', '9658741230'),
('ebay@16701', '9587632140'),
('ebay@10056', '9643785210'),
('ebay@68001', '9234567810'),
('ebay@19801', '9546723810'),
('ebay@10465', '9658743210'),
('ebay@90001', '9785632140'),
('ebay@26781', '9574683210'),
('ebay@10735', '9345678901'),
('ebay@10803', '9786543210'),
('ebay@12135', '9456783210'),
('ebay@90754', '9876543210'),
('ebay@13216', '9312547680'),
('ebay@67894', '9987654321'),
('ebay@10999', '9123456789'),
('ebay@13869', '9876541230'),
('ebay@67803', '9345672180'),
('ebay@32578', '9765432180'),
('ebay@19075', '9923456781'),
('ebay@12121', '9734521680'),
('ebay@90908', '9678541230'),
('ebay@16556', '9234765180'),
('ebay@19797', '9452367810'),
('ebay@90001', '9897634521'),
('ebay@26781', '9657483210'),
('ebay@10735', '9341567820'),
('ebay@10803', '9725346810'),
('ebay@12135', '9563478210'),
('ebay@90754', '9547832160'),
('ebay@13216', '9432156870'),
('ebay@67894', '9856742310'),
('ebay@10999', '9314658720'),
('ebay@13869', '9456723981'),
('ebay@45610', '9311111111'),
('ebay@56329', '9522222222'),
('ebay@45264', '9733333333'),
('ebay@23657', '9944444444'),
('ebay@12349', '9155555555'),
('ebay@43523', '9366666666'),
('ebay@24568', '9577777777'),
('ebay@65436', '9188888888'),
('ebay@87654', '9899999999'),
('ebay@09872', '9900000000'),
('ebay@12005', '9711001111'),
('ebay@45878', '9924322222'),
('ebay@34525', '9733334333'),
('ebay@56782', '9944430444'),
('ebay@65429', '9155215555');
 
--27)
INSERT INTO watches (product_id, user_id)
VALUES 
('item@12345','ebay@09872'),
('item@45678','ebay@45610'),
('item@45678','ebay@45264'),
('item@45678','ebay@12135'),
('item@45678','ebay@10231'),
('item@45678','ebay@70070'),
('item@67890','ebay@90754'),
('item@67890','ebay@10465'),
('item@89012','ebay@09872'),
('item@89012','ebay@87654'),
('item@89012','ebay@65436'),
('item@89012','ebay@43523'),
('item@89012','ebay@23657'),
('item@89012','ebay@12135'),
('item@09876','ebay@45610'),
('item@09876','ebay@56329'),
('item@09876','ebay@45264'),
('item@09876','ebay@23657'),
('item@09876','ebay@12349'),
('item@98765','ebay@70070'),
('item@98765','ebay@10001'),
('item@98765','ebay@10231'),
('item@98765','ebay@16701'),
('item@98765','ebay@10056'),
('item@98765','ebay@68001'),
('item@98765','ebay@19801'),
('item@98765','ebay@10465'),
('item@65432','ebay@23657'),
('item@65432','ebay@12349'),
('item@43210','ebay@45610'),
('item@43210','ebay@56329'),
('item@43210','ebay@45264'),
('item@43210','ebay@23657'),
('item@43210','ebay@12349'),
('item@11111','ebay@45610'),
('item@11111','ebay@56329'),
('item@11111','ebay@45264'),
('item@11111','ebay@23657'),
('item@11111','ebay@12349'),
('item@11111','ebay@43523'),
('item@11111','ebay@24568'),
('item@11111','ebay@65436'),
('item@11111','ebay@87654'),
('item@33333','ebay@56329'),
('item@33333','ebay@45264'),
('item@33333','ebay@23657'),
('item@33333','ebay@12349'),
('item@33333','ebay@43523'),
('item@66666','ebay@87654'),
('item@66666','ebay@09872'),
('item@00011','ebay@70070'),
('item@00011','ebay@10001'),
('item@00011','ebay@10231'),
('item@00011','ebay@16701'),
('item@00011','ebay@10056'),
('item@00011','ebay@68001'),
('item@00011','ebay@19801'),
('item@00011','ebay@10465'),
('item@00011','ebay@90001'),
('item@00011','ebay@26781'),
('item@00011','ebay@10735'),
('item@00011','ebay@10803'),
('item@00011','ebay@12135'),
('item@00011','ebay@90754'),
('item@00011','ebay@13216'),
('item@33344','ebay@45610'),
('item@33344','ebay@56329'),
('item@33344','ebay@45264'),
('item@33344','ebay@23657'),
('item@66688','ebay@70070'),
('item@66688','ebay@10001'),
('item@66688','ebay@10231'),
('item@00033','ebay@45610'),
('item@00033','ebay@56329'),
('item@00033','ebay@45264'),
('item@00033','ebay@23657'),
('item@66699','ebay@65436'),
('item@66699','ebay@87654'),
('item@66699','ebay@09872'),
('item@33377','ebay@45610'),
('item@33377','ebay@56329'),
('item@33377','ebay@45264'),
('item@33377','ebay@23657'),
('item@33377','ebay@12349'),
('item@99933','ebay@09872'),
('item@33399','ebay@24568'),
('item@33399','ebay@65436'),
('item@33399','ebay@87654'),
('item@33399','ebay@09872'),
('item@22299','ebay@45610'),
('item@22299','ebay@56329'),
('item@22299','ebay@45264'),
('item@22299','ebay@23657'),
('item@22299','ebay@12349'),
('item@22299','ebay@43523'),
('item@11199','ebay@45610'),
('item@11199','ebay@56329'),
('item@11199','ebay@45264'),
('item@88888','ebay@45610'),
('item@88888','ebay@56329'),
('item@88888','ebay@45264'),
('item@88888','ebay@23657'),
('item@88888','ebay@12349'),
('item@77777','ebay@45610'),
('item@77777','ebay@56329'),
('item@77777','ebay@45264'),
('item@77777','ebay@23657'),
('item@11133','ebay@45610'),
('item@11133','ebay@56329'),
('item@22244','ebay@45264'),
('item@22244','ebay@23657'),
('item@22244','ebay@12349'),
('item@55588','ebay@45610'),
('item@55588','ebay@56329'),
('item@55588','ebay@45264'),
('item@55588','ebay@23657');
